frame,nose_x,nose_y,left_eye_inner_x,left_eye_inner_y,left_eye_x,left_eye_y,left_eye_outer_x,left_eye_outer_y,right_eye_inner_x,right_eye_inner_y,right_eye_x,right_eye_y,right_eye_outer_x,right_eye_outer_y,left_ear_x,left_ear_y,right_ear_x,right_ear_y,mouth_left_x,mouth_left_y,mouth_right_x,mouth_right_y,left_shoulder_x,left_shoulder_y,right_shoulder_x,right_shoulder_y,left_elbow_x,left_elbow_y,right_elbow_x,right_elbow_y,left_wrist_x,left_wrist_y,right_wrist_x,right_wrist_y,left_pinky_x,left_pinky_y,right_pinky_x,right_pinky_y,left_index_x,left_index_y,right_index_x,right_index_y,left_thumb_x,left_thumb_y,right_thumb_x,right_thumb_y,left_hip_x,left_hip_y,right_hip_x,right_hip_y,left_knee_x,left_knee_y,right_knee_x,right_knee_y,left_ankle_x,left_ankle_y,right_ankle_x,right_ankle_y,left_heel_x,left_heel_y,right_heel_x,right_heel_y,left_foot_index_x,left_foot_index_y,right_foot_index_x,right_foot_index_y
1,0.38484933972358704,0.6582942008972168,0.383853554725647,0.6555453538894653,0.38403084874153137,0.6546178460121155,0.384206622838974,0.6536955237388611,0.3831873834133148,0.6580823659896851,0.38288477063179016,0.6589052677154541,0.3825846016407013,0.6597245335578918,0.383999228477478,0.6522780060768127,0.3818664252758026,0.6609058380126953,0.38594114780426025,0.6578493714332581,0.38514041900634766,0.6606121063232422,0.3888598382472992,0.6487092971801758,0.3834865987300873,0.6694145798683167,0.3979039192199707,0.6450175046920776,0.3870789110660553,0.6663824319839478,0.40006598830223083,0.6444041728973389,0.3814471960067749,0.6565390229225159,0.4007054269313812,0.6431370973587036,0.37945523858070374,0.6541721820831299,0.3993433117866516,0.6440741419792175,0.37919312715530396,0.6547430157661438,0.3989390730857849,0.6448671817779541,0.38019341230392456,0.6546444296836853,0.40494459867477417,0.6550250053405762,0.40166884660720825,0.6675745844841003,0.4058467447757721,0.6470984220504761,0.3976927697658539,0.6864485740661621,0.4062437415122986,0.6546342968940735,0.3952953815460205,0.7068911194801331,0.4055803716182709,0.6566885709762573,0.39595460891723633,0.7087507843971252,0.40791043639183044,0.6546361446380615,0.3926689326763153,0.7164551615715027
2,0.4204244613647461,0.6188221573829651,0.4241979718208313,0.621356725692749,0.42458897829055786,0.6224705576896667,0.4250315725803375,0.6234928965568542,0.4238709807395935,0.6194673180580139,0.42391258478164673,0.6197445392608643,0.42399874329566956,0.6198341250419617,0.4257825016975403,0.6310324668884277,0.4244045317173004,0.6262458562850952,0.41924190521240234,0.6255699992179871,0.41857844591140747,0.6239014267921448,0.4190616011619568,0.6563025116920471,0.4101758897304535,0.6541056632995605,0.4269198775291443,0.670691967010498,0.40903323888778687,0.6713817715644836,0.42592304944992065,0.6627980470657349,0.4142311215400696,0.6646761298179626,0.4280795454978943,0.6612021327018738,0.41698819398880005,0.6670074462890625,0.42661339044570923,0.659164547920227,0.41739654541015625,0.6623920202255249,0.4255358576774597,0.660865306854248,0.41551321744918823,0.6618286371231079,0.40860533714294434,0.7551103234291077,0.3983350992202759,0.7460991144180298,0.3900405168533325,0.7748633623123169,0.34944167733192444,0.7409235835075378,0.35137808322906494,0.7931810021400452,0.28948020935058594,0.7034288048744202,0.3450034260749817,0.7975889444351196,0.28277045488357544,0.7095503807067871,0.3441649079322815,0.7827643752098083,0.2805177867412567,0.6959500908851624
3,0.5548574328422546,0.7904331684112549,0.5562750697135925,0.7994864583015442,0.5559384822845459,0.7999873757362366,0.5556735992431641,0.800373911857605,0.5562072992324829,0.7994040846824646,0.5557247996330261,0.8000409603118896,0.5552398562431335,0.800657331943512,0.5515560507774353,0.8035879135131836,0.5512927770614624,0.8056899905204773,0.5501806735992432,0.7886135578155518,0.5501653552055359,0.7881027460098267,0.5257317423820496,0.7883425951004028,0.5227677822113037,0.7898505926132202,0.4889090657234192,0.7623336911201477,0.47943010926246643,0.7651922702789307,0.4663264751434326,0.7338268756866455,0.4576931893825531,0.7315040826797485,0.45855337381362915,0.7303297519683838,0.4517284035682678,0.722382128238678,0.4591575264930725,0.7295262813568115,0.4526687264442444,0.7195972204208374,0.46167606115341187,0.7300910949707031,0.45492273569107056,0.7235503196716309,0.44061002135276794,0.7249559760093689,0.4412929117679596,0.7197757959365845,0.3692581355571747,0.7139754295349121,0.3815751373767853,0.7090520858764648,0.32976987957954407,0.7611963748931885,0.34134143590927124,0.7421737909317017,0.32705947756767273,0.7771775126457214,0.33966779708862305,0.7502520084381104,0.2998434603214264,0.7621045708656311,0.31382977962493896,0.7392881512641907
4,0.37225958704948425,0.8457053303718567,0.3716275691986084,0.845219075679779,0.3709588050842285,0.8450736403465271,0.36871281266212463,0.8368498086929321,0.3736124634742737,0.846072793006897,0.373776376247406,0.8459433913230896,0.37386858463287354,0.8418295383453369,0.36604025959968567,0.8340777158737183,0.37808647751808167,0.8352444171905518,0.3707972466945648,0.8485527634620667,0.37213265895843506,0.8485003709793091,0.3541947305202484,0.8403711915016174,0.37615132331848145,0.8429673314094543,0.34452834725379944,0.8570454716682434,0.3709621727466583,0.822167694568634,0.34630444645881653,0.8918466567993164,0.3639700412750244,0.8189131021499634,0.34561634063720703,0.8994191288948059,0.36211517453193665,0.8213083148002625,0.34775060415267944,0.9002172946929932,0.3603796362876892,0.8192208409309387,0.34827449917793274,0.8966424465179443,0.361002653837204,0.8180765509605408,0.3525823950767517,0.8619473576545715,0.37142205238342285,0.8558136820793152,0.3592821955680847,0.9239485263824463,0.3816451132297516,0.9082539081573486,0.35374951362609863,0.9968653917312622,0.38612568378448486,0.970382034778595,0.3461553752422333,0.9852272272109985,0.3939141035079956,0.9845095872879028,0.3579857349395752,1.0165175199508667,0.40782785415649414,0.9790736436843872
5,0.3666754364967346,0.8378432989120483,0.365862637758255,0.8370545506477356,0.365117609500885,0.8372631669044495,0.36409804224967957,0.8356646299362183,0.3678748607635498,0.8345061540603638,0.3684707283973694,0.8338207602500916,0.3691752552986145,0.8328640460968018,0.3627045750617981,0.8342998027801514,0.3713188171386719,0.8328657150268555,0.3653983473777771,0.8398638367652893,0.3678300976753235,0.8385929465293884,0.35194283723831177,0.8406835794448853,0.37904679775238037,0.8483359217643738,0.3413828909397125,0.8723215460777283,0.37840214371681213,0.8740324974060059,0.3448854088783264,0.897750198841095,0.3742729127407074,0.9106848239898682,0.3437407612800598,0.9041587710380554,0.37379568815231323,0.9185693264007568,0.3453194499015808,0.9054007530212402,0.3709445893764496,0.9204642176628113,0.3463318347930908,0.9029772281646729,0.3710756003856659,0.9180727005004883,0.35367268323898315,0.89314204454422,0.37408995628356934,0.8920527100563049,0.35334277153015137,0.9408794045448303,0.3816676139831543,0.939965546131134,0.3427707850933075,0.9968365430831909,0.38774529099464417,0.9806795120239258,0.3436417579650879,1.0071382522583008,0.39135169982910156,0.9875550270080566,0.33875253796577454,1.0032851696014404,0.4049839377403259,0.9824539422988892
6,0.36662450432777405,0.8161177039146423,0.3657923638820648,0.8120992183685303,0.36506199836730957,0.8120720982551575,0.36420831084251404,0.8125377893447876,0.3678705394268036,0.8117632269859314,0.36854711174964905,0.811679482460022,0.3692649006843567,0.8118483424186707,0.3629973232746124,0.8158786296844482,0.37110990285873413,0.8152114152908325,0.3653661608695984,0.8195550441741943,0.36770227551460266,0.8191987872123718,0.3514813482761383,0.8387816548347473,0.37978124618530273,0.8409885764122009,0.3427918553352356,0.8727827072143555,0.38146013021469116,0.8714977502822876,0.34437328577041626,0.8989717364311218,0.37475818395614624,0.8922480940818787,0.3434496223926544,0.9051761031150818,0.3719724714756012,0.9002344012260437,0.3448902368545532,0.9056129455566406,0.3697344660758972,0.8991160988807678,0.3459945619106293,0.9034413695335388,0.3700297772884369,0.896512508392334,0.35627949237823486,0.8974772095680237,0.374995619058609,0.8964648842811584,0.3513807952404022,0.9416632652282715,0.38257238268852234,0.9492530226707458,0.3428965210914612,0.9817781448364258,0.38823145627975464,0.9850673079490662,0.3432600200176239,0.9907198548316956,0.3896745443344116,0.9891794919967651,0.34125396609306335,0.9859820604324341,0.39509016275405884,0.9882047772407532
7,0.365989089012146,0.8108698725700378,0.3650255799293518,0.8070889115333557,0.3643186688423157,0.8069888353347778,0.36358705163002014,0.8071459531784058,0.3670825660228729,0.8074058294296265,0.3678509593009949,0.8074678182601929,0.36866819858551025,0.8076422214508057,0.36266079545021057,0.8099170923233032,0.3703610301017761,0.8108747005462646,0.3648335337638855,0.8145319819450378,0.3669915795326233,0.815155565738678,0.35140717029571533,0.8363248109817505,0.38032686710357666,0.8378660678863525,0.34376761317253113,0.8733749389648438,0.38159114122390747,0.870904803276062,0.34458476305007935,0.899068295955658,0.3751068115234375,0.8884584903717041,0.3434927761554718,0.9058211445808411,0.3725320100784302,0.895284116268158,0.3450295925140381,0.9053412675857544,0.3697664141654968,0.8981667160987854,0.346091628074646,0.9031091332435608,0.36994096636772156,0.8955240249633789,0.3585527837276459,0.9063667058944702,0.3749527037143707,0.9060046672821045,0.3476889431476593,0.9558089971542358,0.38462090492248535,0.9570679664611816,0.34085601568222046,0.9884183406829834,0.38876914978027344,0.9944727420806885,0.34229204058647156,1.004738450050354,0.38923829793930054,0.9973552227020264,0.33845090866088867,0.9909036159515381,0.3897981643676758,0.9951263666152954
8,0.3661958873271942,0.8076155781745911,0.3651687502861023,0.8031879663467407,0.36438703536987305,0.8031461834907532,0.36357441544532776,0.8033138513565063,0.367422878742218,0.8035919070243835,0.3681935966014862,0.8037709593772888,0.3689802289009094,0.8040767908096313,0.3624672293663025,0.8062995076179504,0.370919406414032,0.8075845241546631,0.36489272117614746,0.8113507032394409,0.36720365285873413,0.8120086789131165,0.35093775391578674,0.8337257504463196,0.3812251687049866,0.8341256976127625,0.34441182017326355,0.871843695640564,0.3842422366142273,0.8722560405731201,0.34495776891708374,0.8993779420852661,0.37625911831855774,0.8871845006942749,0.3445008099079132,0.9068340063095093,0.37510591745376587,0.8947851657867432,0.34633272886276245,0.905133068561554,0.3716377019882202,0.8940423130989075,0.3473304808139801,0.9027751684188843,0.37175604701042175,0.8915889263153076,0.3588330149650574,0.9093700647354126,0.37591537833213806,0.9092710018157959,0.34849196672439575,0.9537765383720398,0.38641273975372314,0.9564861059188843,0.3411310911178589,0.988828182220459,0.38916900753974915,0.9979628920555115,0.3422553241252899,1.003468632698059,0.38972800970077515,1.0091586112976074,0.34003719687461853,0.9868420362472534,0.3896690905094147,0.9965823888778687
9,0.3663494884967804,0.805753767490387,0.3653060793876648,0.801995575428009,0.36448341608047485,0.8020325303077698,0.3636161684989929,0.8021276593208313,0.3676510751247406,0.8020350337028503,0.3684220314025879,0.8021305799484253,0.36918696761131287,0.8022937178611755,0.36242246627807617,0.8044418096542358,0.37123769521713257,0.8048429489135742,0.36493954062461853,0.8091793656349182,0.36739662289619446,0.8092442154884338,0.35091349482536316,0.832550585269928,0.3815023601055145,0.8330025672912598,0.34445875883102417,0.8716722130775452,0.3853817284107208,0.8715062737464905,0.344971626996994,0.8992735147476196,0.3776542544364929,0.8869847655296326,0.3447701632976532,0.9071342349052429,0.3753994107246399,0.8956594467163086,0.34650948643684387,0.9050644040107727,0.373164564371109,0.8922706842422485,0.34740906953811646,0.9026826024055481,0.3735373914241791,0.8885071873664856,0.3587947487831116,0.9086021184921265,0.37661466002464294,0.9090152382850647,0.349052369594574,0.9547372460365295,0.3865513503551483,0.9551971554756165,0.3410840630531311,0.9897928237915039,0.38915762305259705,0.9940699934959412,0.3420727550983429,1.0075316429138184,0.390428751707077,1.0091720819473267,0.33591586351394653,0.9915972352027893,0.3898527920246124,0.9942464232444763
10,0.3664316236972809,0.8049126267433167,0.3654266893863678,0.8009116053581238,0.36458247900009155,0.80096435546875,0.36368507146835327,0.8011086583137512,0.36780014634132385,0.8008079528808594,0.3685721755027771,0.8007872700691223,0.3693186938762665,0.8008430600166321,0.3623783588409424,0.8037915825843811,0.37140780687332153,0.803608775138855,0.3650047183036804,0.8084568381309509,0.3675101399421692,0.8086897134780884,0.35089007019996643,0.8317270278930664,0.3821207582950592,0.8315322995185852,0.3444802165031433,0.8709771037101746,0.3858489692211151,0.8703659772872925,0.34495168924331665,0.8992520570755005,0.37846821546554565,0.887448787689209,0.3447718620300293,0.906956672668457,0.376941055059433,0.8983185887336731,0.34653759002685547,0.9041239619255066,0.374750018119812,0.8964793682098389,0.3474084734916687,0.9013035893440247,0.37495261430740356,0.8931838274002075,0.35933318734169006,0.9066812992095947,0.3774019777774811,0.9065492153167725,0.3495417833328247,0.9533032774925232,0.38624581694602966,0.9504179954528809,0.34092995524406433,0.9913983941078186,0.389232337474823,0.9920123815536499,0.34219375252723694,1.0056109428405762,0.3905213177204132,1.0051019191741943,0.3357762396335602,0.9936495423316956,0.3893333971500397,0.9932634234428406
11,0.36651015281677246,0.8036068677902222,0.3655502498149872,0.7990513443946838,0.36470484733581543,0.7991920709609985,0.36378365755081177,0.7994350790977478,0.36789900064468384,0.7986819744110107,0.3686668872833252,0.7985607385635376,0.3694106936454773,0.7985805869102478,0.36244910955429077,0.8021276593208313,0.37148505449295044,0.8014327883720398,0.36512279510498047,0.8078552484512329,0.3675955533981323,0.8078234195709229,0.35093432664871216,0.8309290409088135,0.382184773683548,0.8298927545547485,0.34460505843162537,0.870535135269165,0.3863237500190735,0.8684816956520081,0.3450567424297333,0.897791862487793,0.3799307942390442,0.888102114200592,0.34479644894599915,0.9066701531410217,0.3779604434967041,0.8989569544792175,0.346571147441864,0.9030293822288513,0.3760639429092407,0.8976908326148987,0.3477209508419037,0.8995832800865173,0.3763478696346283,0.8940955996513367,0.3598443567752838,0.905265212059021,0.3777875304222107,0.9051545262336731,0.3497830033302307,0.9515818357467651,0.38621678948402405,0.9501354694366455,0.34162524342536926,0.9914543032646179,0.3894701600074768,0.9925968647003174,0.3431684672832489,1.0045642852783203,0.3903575837612152,1.0072296857833862,0.3378322720527649,0.9946465492248535,0.3907383382320404,1.0008631944656372
12,0.36658570170402527,0.8029833436012268,0.3656442165374756,0.7983229756355286,0.36480528116226196,0.7984249591827393,0.36385464668273926,0.7986273765563965,0.36797967553138733,0.797997772693634,0.3687291145324707,0.797902524471283,0.3694315552711487,0.7979447841644287,0.3624590039253235,0.8013375997543335,0.3715677261352539,0.8007691502571106,0.36520999670028687,0.8070786595344543,0.3676161766052246,0.8070480227470398,0.35097965598106384,0.8297193050384521,0.3823067545890808,0.8287072777748108,0.34462910890579224,0.8693685531616211,0.3869017958641052,0.8671542406082153,0.34506532549858093,0.896510899066925,0.3817695081233978,0.887217104434967,0.3447931408882141,0.9061935544013977,0.3801499009132385,0.8977785110473633,0.3465927839279175,0.9020703434944153,0.37836840748786926,0.896517276763916,0.34790363907814026,0.8978882431983948,0.37848716974258423,0.893030047416687,0.35978561639785767,0.9036937952041626,0.3778606355190277,0.9032607078552246,0.350009024143219,0.9506233334541321,0.3861442804336548,0.9484988451004028,0.3418738842010498,0.991522490978241,0.3897768557071686,0.9914517998695374,0.34345585107803345,1.0051562786102295,0.38989269733428955,1.0047110319137573,0.3382970690727234,0.9936208724975586,0.39027202129364014,0.9976111650466919
13,0.36669623851776123,0.8022534847259521,0.365749329328537,0.7972598671913147,0.3649141490459442,0.7973213195800781,0.3640687167644501,0.7975219488143921,0.36803245544433594,0.7969573140144348,0.3687957227230072,0.7968255877494812,0.3695659935474396,0.7968356013298035,0.3627481162548065,0.8000980615615845,0.3715756833553314,0.7993659973144531,0.3655061423778534,0.806239664554596,0.3678579330444336,0.8062707781791687,0.35117024183273315,0.828361451625824,0.38243749737739563,0.8272841572761536,0.34468454122543335,0.8668895363807678,0.38680800795555115,0.8663116693496704,0.34532105922698975,0.8947200179100037,0.3828228712081909,0.890576183795929,0.3439336121082306,0.9052764773368835,0.3818196654319763,0.899731457233429,0.34579625725746155,0.9018934369087219,0.3798573315143585,0.8981016278266907,0.34796011447906494,0.8964113593101501,0.37960416078567505,0.8946533799171448,0.36067336797714233,0.902560830116272,0.3776610493659973,0.9017412066459656,0.34993454813957214,0.9514241814613342,0.38608473539352417,0.9474678635597229,0.3419267237186432,0.993439793586731,0.38985246419906616,0.9896595478057861,0.3432440161705017,1.007427453994751,0.38919633626937866,1.0040020942687988,0.33787330985069275,0.9991631507873535,0.39036720991134644,0.9943068623542786
14,0.36697569489479065,0.8006651997566223,0.3659817576408386,0.7955420017242432,0.3651202619075775,0.7956467270851135,0.36429500579833984,0.7959203720092773,0.3683239221572876,0.7953107357025146,0.3691503703594208,0.7952525615692139,0.3700736165046692,0.795300304889679,0.3629445433616638,0.7990971207618713,0.37203285098075867,0.7980995178222656,0.3659053444862366,0.8048614263534546,0.36838310956954956,0.8050050735473633,0.3517119884490967,0.8270164728164673,0.3830980658531189,0.826413631439209,0.34495100378990173,0.8663528561592102,0.3871869146823883,0.8658043742179871,0.34558966755867004,0.8931487798690796,0.3815038502216339,0.8878085613250732,0.3439732789993286,0.9039201736450195,0.3804800808429718,0.8981439471244812,0.34685271978378296,0.8998886942863464,0.3782520294189453,0.8966847062110901,0.34847837686538696,0.8951058983802795,0.3782612681388855,0.8932358622550964,0.3608613610267639,0.9019659161567688,0.3783090114593506,0.9009855389595032,0.35004323720932007,0.9510375261306763,0.38661402463912964,0.9464370608329773,0.34206289052963257,0.9936150312423706,0.3902791142463684,0.988972544670105,0.3433682322502136,1.006404161453247,0.38935843110084534,0.9941707253456116,0.33818233013153076,0.999176025390625,0.39069491624832153,0.9915472269058228
15,0.3675273060798645,0.8021999597549438,0.3667508065700531,0.7968130111694336,0.366143137216568,0.7966163754463196,0.36558884382247925,0.7965734004974365,0.36854708194732666,0.7967408299446106,0.369284451007843,0.7964811325073242,0.3701677918434143,0.7963040471076965,0.36455750465393066,0.7984539270401001,0.37212714552879333,0.7978391051292419,0.36704665422439575,0.8054044246673584,0.36875027418136597,0.8057971596717834,0.35280758142471313,0.8244311809539795,0.38399624824523926,0.8254228234291077,0.3455498218536377,0.866306483745575,0.38670647144317627,0.8651818037033081,0.3468390703201294,0.8911535739898682,0.3813018202781677,0.8888246417045593,0.3439667820930481,0.9019805788993835,0.3794921040534973,0.8978301882743835,0.3464711010456085,0.8993363976478577,0.37721437215805054,0.8961109519004822,0.34977978467941284,0.8944631814956665,0.37758690118789673,0.8927032351493835,0.3615320324897766,0.9018683433532715,0.37807637453079224,0.9005900025367737,0.3501128554344177,0.950735330581665,0.38658347725868225,0.9462670087814331,0.3421376347541809,0.9946615695953369,0.390424907207489,0.9888837337493896,0.34318655729293823,1.0026941299438477,0.38891857862472534,0.9992610216140747,0.3384319841861725,1.0019220113754272,0.38999098539352417,1.0013753175735474
16,0.36873966455459595,0.8029654622077942,0.3687632977962494,0.7977507710456848,0.3689247965812683,0.7974255681037903,0.36921852827072144,0.7972012162208557,0.36878785490989685,0.7977721095085144,0.3692924976348877,0.7975184321403503,0.36984193325042725,0.7974005937576294,0.37012583017349243,0.7977207899093628,0.370710551738739,0.7983089685440063,0.3694022297859192,0.8055954575538635,0.36907583475112915,0.8057534694671631,0.38183826208114624,0.8219797611236572,0.35747063159942627,0.8231443762779236,0.3844994902610779,0.8606643080711365,0.3481408953666687,0.8594043254852295,0.3649579882621765,0.8884178996086121,0.34848952293395996,0.8882569074630737,0.36175426840782166,0.899442732334137,0.34714677929878235,0.8969478011131287,0.3601944148540497,0.8975232243537903,0.3513585329055786,0.8949980735778809,0.36127305030822754,0.8933703899383545,0.3524174690246582,0.8915033936500549,0.3752787709236145,0.8949255347251892,0.3645574152469635,0.8965861797332764,0.3783504068851471,0.9490833878517151,0.3549230396747589,0.9459019899368286,0.38804662227630615,0.9871619343757629,0.34545376896858215,0.9900197982788086,0.3869841694831848,0.9923399090766907,0.3460780084133148,0.9969624876976013,0.3809199929237366,1.0068631172180176,0.3445415794849396,1.0076158046722412
17,0.3694164752960205,0.8006747961044312,0.36925771832466125,0.7954680323600769,0.36917969584465027,0.7951497435569763,0.36913159489631653,0.7950133681297302,0.3696737587451935,0.7955076694488525,0.37012791633605957,0.7952437400817871,0.37067490816116333,0.7951071858406067,0.36925429105758667,0.7959723472595215,0.37184447050094604,0.796094536781311,0.3697628974914551,0.8032222390174866,0.36984390020370483,0.8035126328468323,0.3700835108757019,0.8209298849105835,0.3676282465457916,0.8200712203979492,0.36451804637908936,0.859551727771759,0.3652106523513794,0.8586385250091553,0.3606095016002655,0.887036919593811,0.3609169125556946,0.8871704339981079,0.35574477910995483,0.898417055606842,0.3598569333553314,0.8961721062660217,0.35825055837631226,0.8964653015136719,0.35624417662620544,0.8948301672935486,0.3609522879123688,0.8926068544387817,0.3563910126686096,0.8903928995132446,0.37046343088150024,0.8954100608825684,0.36720404028892517,0.8949918150901794,0.3621264100074768,0.9475892782211304,0.3689483106136322,0.9440463781356812,0.35370132327079773,0.9878937602043152,0.3690159320831299,0.9907344579696655,0.36762234568595886,1.001561164855957,0.3693280816078186,0.9978755712509155,0.3610314130783081,1.0077284574508667,0.368887722492218,1.0053987503051758
18,0.36989155411720276,0.8015778660774231,0.370348185300827,0.7964802384376526,0.37073206901550293,0.796115517616272,0.37122437357902527,0.7958396077156067,0.36975058913230896,0.7964300513267517,0.3700787425041199,0.7960881590843201,0.37015217542648315,0.7959066033363342,0.3724781572818756,0.7958542108535767,0.37014520168304443,0.7964511513710022,0.37076395750045776,0.8039243817329407,0.36985212564468384,0.8039225339889526,0.38315436244010925,0.818915069103241,0.3564245402812958,0.8199062943458557,0.3883422911167145,0.8557500839233398,0.34755343198776245,0.8558470010757446,0.37880128622055054,0.8826208114624023,0.34795087575912476,0.8853533267974854,0.37678268551826477,0.8926941156387329,0.3469727635383606,0.8956907391548157,0.3750195801258087,0.8901617527008057,0.3500710427761078,0.8945590257644653,0.3752903342247009,0.8866884708404541,0.35092443227767944,0.8901029825210571,0.3781382441520691,0.8919540643692017,0.3643224835395813,0.8929423689842224,0.3830844759941101,0.947184681892395,0.3536442518234253,0.9439488053321838,0.38993966579437256,0.9841684103012085,0.34617072343826294,0.9889803528785706,0.38827937841415405,0.9905206561088562,0.34641164541244507,0.9925111532211304,0.3888774514198303,1.0079405307769775,0.3426997661590576,1.0062026977539062
19,0.3703661262989044,0.8011386394500732,0.3708087205886841,0.7957914471626282,0.3711542785167694,0.7953041791915894,0.37156596779823303,0.7949756383895874,0.37005773186683655,0.7958858013153076,0.37014493346214294,0.7955488562583923,0.37015220522880554,0.7954422831535339,0.37276050448417664,0.7947260737419128,0.37021034955978394,0.7958265542984009,0.3712809383869171,0.8033915758132935,0.37018096446990967,0.8034772872924805,0.38493242859840393,0.8180816769599915,0.3572411835193634,0.8185923099517822,0.3904492259025574,0.8544740676879883,0.3472731113433838,0.8527138829231262,0.3742124140262604,0.88181471824646,0.34752506017684937,0.8826004862785339,0.3712210953235626,0.8919567465782166,0.34661179780960083,0.8942744731903076,0.3695247769355774,0.8896679282188416,0.3501167595386505,0.8928924798965454,0.3703036904335022,0.8861517906188965,0.35150307416915894,0.8885793685913086,0.3789167106151581,0.8896550536155701,0.3644198775291443,0.8910850286483765,0.38393673300743103,0.9459719061851501,0.3536805510520935,0.942661702632904,0.3920661211013794,0.9820035099983215,0.3456278145313263,0.9869153499603271,0.3907822370529175,0.9875199198722839,0.34599217772483826,0.9905461668968201,0.39190083742141724,1.00115168094635,0.34271714091300964,1.004785180091858
20,0.3709392547607422,0.8008261919021606,0.37159281969070435,0.7956404685974121,0.37212783098220825,0.7951138019561768,0.3727416694164276,0.7947390079498291,0.3703227639198303,0.7957668900489807,0.3701688349246979,0.7953310012817383,0.37008050084114075,0.7952678203582764,0.374396950006485,0.7938621640205383,0.36968180537223816,0.7955306768417358,0.3720702528953552,0.8033335208892822,0.3704674243927002,0.8031215071678162,0.38645708560943604,0.8171589970588684,0.35752424597740173,0.8169083595275879,0.39155083894729614,0.8529994487762451,0.3473239839076996,0.851530909538269,0.3820687532424927,0.881091833114624,0.3480316698551178,0.8814243674278259,0.3803175687789917,0.8909092545509338,0.3472823202610016,0.8936026096343994,0.3782191574573517,0.8884050846099854,0.3505786061286926,0.8923670649528503,0.3783816695213318,0.8847231268882751,0.3514517843723297,0.8879930377006531,0.3813152015209198,0.8875836730003357,0.3643149733543396,0.8888428807258606,0.3869958519935608,0.9362680912017822,0.35382598638534546,0.9408177137374878,0.3922938108444214,0.9770346879959106,0.3466089069843292,0.982861340045929,0.39185211062431335,0.9831233620643616,0.3468887507915497,0.9880855083465576,0.3917340338230133,0.9972104430198669,0.3432721495628357,0.9999540448188782
21,0.3718261122703552,0.7958621382713318,0.3715323805809021,0.7908305525779724,0.3715066909790039,0.7904189229011536,0.3717091381549835,0.790209174156189,0.37237149477005005,0.7907639145851135,0.37299543619155884,0.790306031703949,0.37381675839424133,0.789953887462616,0.3738928437232971,0.7907560467720032,0.3750818967819214,0.7915621399879456,0.37193480134010315,0.7985915541648865,0.37246406078338623,0.7990624308586121,0.3606922924518585,0.8145371079444885,0.38639602065086365,0.816662073135376,0.3511051535606384,0.8539806604385376,0.38911205530166626,0.8529641032218933,0.34975412487983704,0.8822882771492004,0.3814449906349182,0.8810975551605225,0.34848859906196594,0.892598569393158,0.3799183666706085,0.8906121850013733,0.3537765443325043,0.8893926739692688,0.37762710452079773,0.8897026777267456,0.3558374047279358,0.8858869671821594,0.37745705246925354,0.8861232399940491,0.36995959281921387,0.8886182904243469,0.37837639451026917,0.8877086043357849,0.3569710850715637,0.93902587890625,0.3850628733634949,0.9340248703956604,0.3495357930660248,0.9817127585411072,0.3903552293777466,0.9780614972114563,0.3494737148284912,0.9847769141197205,0.38997358083724976,0.9859384298324585,0.34714657068252563,0.9935483336448669,0.38870885968208313,0.9852266907691956
22,0.37278854846954346,0.7919074296951294,0.3721238970756531,0.7865447402000427,0.3717055022716522,0.7863273024559021,0.3714100122451782,0.7862889766693115,0.37384405732154846,0.7863103151321411,0.3746735453605652,0.7859366536140442,0.37568286061286926,0.7855955958366394,0.3727695345878601,0.787950873374939,0.3771652579307556,0.7877320051193237,0.3723624348640442,0.7950331568717957,0.37369969487190247,0.7953521609306335,0.35868504643440247,0.8118125200271606,0.389295369386673,0.8145597577095032,0.34949609637260437,0.8509944677352905,0.3928193151950836,0.8523163795471191,0.3497195839881897,0.8805750608444214,0.3871355950832367,0.8796918392181396,0.3484118580818176,0.8902945518493652,0.38581418991088867,0.8882318139076233,0.3516979515552521,0.8886622786521912,0.3836267292499542,0.8875320553779602,0.3530200123786926,0.8854986429214478,0.3833678960800171,0.8842042088508606,0.36766260862350464,0.88779616355896,0.38144034147262573,0.8866503238677979,0.3548356294631958,0.9392491579055786,0.38862481713294983,0.9319123029708862,0.3467557728290558,0.9819523096084595,0.39318493008613586,0.9771299362182617,0.3465800881385803,0.985711932182312,0.3926287889480591,0.9858250021934509,0.3442940413951874,0.9917142987251282,0.39193063974380493,0.9834758043289185
23,0.37396544218063354,0.7879099249839783,0.37326592206954956,0.7829222083091736,0.3727189898490906,0.7828423976898193,0.37220507860183716,0.7829394936561584,0.37512174248695374,0.7825953960418701,0.37594592571258545,0.7822878360748291,0.37690842151641846,0.7820456027984619,0.3720456063747406,0.7851060032844543,0.37833133339881897,0.7842749953269958,0.37336161732673645,0.7912169694900513,0.3748839497566223,0.7913097739219666,0.3589795231819153,0.8092207312583923,0.3904390335083008,0.8131586909294128,0.35042721033096313,0.8485966324806213,0.3923332095146179,0.8515812158584595,0.35034021735191345,0.8787084221839905,0.3830014169216156,0.8766302466392517,0.34912964701652527,0.8876761794090271,0.38120511174201965,0.8846459984779358,0.34961646795272827,0.8890858888626099,0.37915509939193726,0.8831650018692017,0.3507981300354004,0.8858800530433655,0.37913182377815247,0.8799779415130615,0.3672269880771637,0.8874290585517883,0.38145291805267334,0.8860843181610107,0.35489270091056824,0.9388072490692139,0.3893725574016571,0.9304347634315491,0.3472582697868347,0.9832058548927307,0.39336055517196655,0.9760029911994934,0.34705299139022827,0.9874185919761658,0.39272791147232056,0.98475182056427,0.34491100907325745,0.9907945990562439,0.3926975131034851,0.9817163944244385
24,0.3748567998409271,0.7875804305076599,0.3744198679924011,0.7824373841285706,0.37406015396118164,0.7823208570480347,0.37371593713760376,0.7824088931083679,0.3756411373615265,0.782239556312561,0.37619540095329285,0.7819907069206238,0.37688159942626953,0.7818604111671448,0.3731762170791626,0.784153163433075,0.3783741593360901,0.7834687232971191,0.37461644411087036,0.7906144857406616,0.3754713833332062,0.7906707525253296,0.36005085706710815,0.8078888058662415,0.3908443748950958,0.8114732503890991,0.35518714785575867,0.8501735329627991,0.3839593231678009,0.8472718000411987,0.35217908024787903,0.8798522353172302,0.37311309576034546,0.8740009665489197,0.3504140079021454,0.8890249729156494,0.37031054496765137,0.8823317885398865,0.35106775164604187,0.8888396620750427,0.3639518618583679,0.8796019554138184,0.35236263275146484,0.8854855298995972,0.36384230852127075,0.877260148525238,0.3694206476211548,0.886961042881012,0.3811820149421692,0.884757936000824,0.35612064599990845,0.9360315203666687,0.3870464563369751,0.928837776184082,0.3481263816356659,0.9823782444000244,0.3936404287815094,0.9744495749473572,0.3478705585002899,0.9889324903488159,0.3932572901248932,0.9835967421531677,0.34600579738616943,0.9904224872589111,0.3928196430206299,0.9831815958023071
25,0.3757013976573944,0.7877196669578552,0.3757548928260803,0.782436728477478,0.37572169303894043,0.7822095155715942,0.3757246136665344,0.7822023034095764,0.376037061214447,0.7823156714439392,0.3762255609035492,0.7820623517036438,0.3765259385108948,0.7820111513137817,0.37586772441864014,0.7832329869270325,0.3777680993080139,0.7830452919006348,0.37595221400260925,0.7903759479522705,0.375853955745697,0.7904295921325684,0.38625916838645935,0.8081459999084473,0.36733925342559814,0.8073067665100098,0.3714177906513214,0.8470366597175598,0.3644486367702484,0.842144250869751,0.3592101037502289,0.8777058124542236,0.354475736618042,0.8715318441390991,0.355890691280365,0.8874073624610901,0.352510005235672,0.8822629451751709,0.3551720082759857,0.8863519430160522,0.3552313446998596,0.8802291750907898,0.35634520649909973,0.88299560546875,0.3568701148033142,0.8769179582595825,0.3793291449546814,0.8855985999107361,0.3752201199531555,0.8823731541633606,0.38033920526504517,0.9351011514663696,0.36459749937057495,0.9281742572784424,0.39018335938453674,0.9727227687835693,0.35302063822746277,0.9735254049301147,0.38209807872772217,0.9821776747703552,0.36044496297836304,0.9787800908088684,0.3820515275001526,0.9904871582984924,0.35016387701034546,0.9853208661079407
26,0.37710392475128174,0.7853013873100281,0.37687912583351135,0.7798779606819153,0.37663573026657104,0.7797630429267883,0.37640565633773804,0.77984219789505,0.37777402997016907,0.7794428467750549,0.37821534276008606,0.7790670394897461,0.3788143992424011,0.7788187861442566,0.37583526968955994,0.7810508608818054,0.38044828176498413,0.7802768349647522,0.37708336114883423,0.7883869409561157,0.37756797671318054,0.7882242798805237,0.3682427406311035,0.8039446473121643,0.39115577936172485,0.8070696592330933,0.3610183596611023,0.8468878865242004,0.3835356533527374,0.8425295352935791,0.3558539152145386,0.8723855018615723,0.37490150332450867,0.8701404333114624,0.35175901651382446,0.8861078023910522,0.3735690414905548,0.8789908289909363,0.3544772267341614,0.8818102478981018,0.37221354246139526,0.876969039440155,0.3539696931838989,0.8813753128051758,0.3720928728580475,0.8740121722221375,0.37499937415122986,0.8825989365577698,0.3819015622138977,0.8804713487625122,0.36308538913726807,0.9317750930786133,0.38926365971565247,0.9268434047698975,0.35463762283325195,0.9765134453773499,0.39144736528396606,0.971711277961731,0.353022962808609,0.9851808547973633,0.3911038041114807,0.9795399904251099,0.35192254185676575,0.9850495457649231,0.39048248529434204,0.9800379276275635
27,0.3785175085067749,0.7800717949867249,0.3779148459434509,0.7751003503799438,0.37738120555877686,0.7751587629318237,0.3768254816532135,0.7753709554672241,0.37967321276664734,0.7746216058731079,0.3804571032524109,0.7743604779243469,0.38143447041511536,0.7741478681564331,0.3756145238876343,0.7776933312416077,0.38313180208206177,0.7764933109283447,0.37799152731895447,0.7838661074638367,0.37942981719970703,0.7837648987770081,0.3654026389122009,0.8014571070671082,0.3944379687309265,0.8056439161300659,0.3559035658836365,0.8406892418861389,0.39515599608421326,0.8412708044052124,0.3550906777381897,0.8700041174888611,0.3882998824119568,0.8688350915908813,0.3521465063095093,0.8806283473968506,0.38708651065826416,0.8774620890617371,0.3545520007610321,0.8789231777191162,0.3852285146713257,0.8761942386627197,0.3541746735572815,0.8764576315879822,0.3848709464073181,0.8730415105819702,0.3732735812664032,0.8794262409210205,0.3861931562423706,0.8793249130249023,0.36087721586227417,0.927327036857605,0.39243996143341064,0.9246197938919067,0.35127565264701843,0.9779551029205322,0.3949872851371765,0.9711360335350037,0.35023048520088196,0.9865066409111023,0.3943401277065277,0.979923665523529,0.34901583194732666,0.9807749390602112,0.3941050171852112,0.9740522503852844
28,0.38030824065208435,0.7787626385688782,0.3796539604663849,0.7733074426651001,0.3790878653526306,0.7733071446418762,0.37848562002182007,0.7734591364860535,0.38143423199653625,0.7729287147521973,0.38217854499816895,0.7726571559906006,0.3831025958061218,0.7724494934082031,0.37703198194503784,0.7757152915000916,0.3846684396266937,0.7747505307197571,0.3797588050365448,0.7823541164398193,0.3811817765235901,0.7823867797851562,0.3654244840145111,0.7993659377098083,0.3968077003955841,0.804564356803894,0.3554859757423401,0.8378227949142456,0.3985004425048828,0.8416884541511536,0.35521259903907776,0.8679488301277161,0.3911987543106079,0.8698809146881104,0.35241836309432983,0.8778055906295776,0.3901214897632599,0.8784914016723633,0.3549486994743347,0.8764888048171997,0.38788434863090515,0.8773168921470642,0.3552376925945282,0.8737460374832153,0.38747382164001465,0.8742151260375977,0.37277621030807495,0.8764825463294983,0.3879309594631195,0.8768243789672852,0.36134886741638184,0.9222209453582764,0.39376524090766907,0.9229654669761658,0.3533669412136078,0.9719927310943604,0.3959839940071106,0.9698237776756287,0.3520506024360657,0.9820735454559326,0.3955686390399933,0.9793328046798706,0.3517417311668396,0.9763393998146057,0.39543235301971436,0.9738420844078064
29,0.38154882192611694,0.7749009728431702,0.3807927668094635,0.7698677182197571,0.38008013367652893,0.7698567509651184,0.37930774688720703,0.7699629068374634,0.38298606872558594,0.7698231339454651,0.3839103579521179,0.7697585225105286,0.38502800464630127,0.769730806350708,0.3776875138282776,0.7727906107902527,0.38681405782699585,0.772502064704895,0.3807589113712311,0.7788592576980591,0.3827686905860901,0.7791553139686584,0.3654847741127014,0.7976675033569336,0.39760178327560425,0.8029752969741821,0.35611292719841003,0.8355945348739624,0.40125107765197754,0.84307461977005,0.3558039963245392,0.8658641576766968,0.3932041525840759,0.8675007224082947,0.3543094992637634,0.875343918800354,0.39119085669517517,0.875347912311554,0.3566320240497589,0.8740561604499817,0.3886665403842926,0.8740523457527161,0.3580695688724518,0.8708626627922058,0.3886053264141083,0.8708562254905701,0.37251588702201843,0.8747129440307617,0.38908934593200684,0.8763375282287598,0.36155033111572266,0.92058926820755,0.39432963728904724,0.9217398762702942,0.35447895526885986,0.9717350602149963,0.3966590166091919,0.970383882522583,0.3530760407447815,0.982740044593811,0.3960273861885071,0.9799834489822388,0.3528198003768921,0.9703605771064758,0.3970423936843872,0.972188413143158
30,0.3831321597099304,0.77337646484375,0.3823837339878082,0.7682761549949646,0.3816628158092499,0.7682257890701294,0.38087984919548035,0.7682886719703674,0.3845826983451843,0.768304169178009,0.38550764322280884,0.7682300806045532,0.3866186738014221,0.7681815028190613,0.3793531358242035,0.7709904909133911,0.3882127106189728,0.7709202170372009,0.3822883367538452,0.7772470116615295,0.3842502534389496,0.7775955200195312,0.3668082058429718,0.7961339950561523,0.39901936054229736,0.8007449507713318,0.3568134903907776,0.8333995342254639,0.4021870195865631,0.8414274454116821,0.3566412627696991,0.863905668258667,0.39530643820762634,0.8660479187965393,0.3554462790489197,0.8731292486190796,0.3938186764717102,0.8740777969360352,0.3576173186302185,0.8714877367019653,0.39152491092681885,0.8728980422019958,0.359386682510376,0.8680610060691833,0.3912805914878845,0.8696692585945129,0.37307295203208923,0.8726724982261658,0.3904954791069031,0.8741694092750549,0.36267760396003723,0.9196028709411621,0.3955957591533661,0.9195470809936523,0.3553029000759125,0.9695466160774231,0.3972328007221222,0.9694390296936035,0.35390472412109375,0.9795787334442139,0.3963567614555359,0.9796758890151978,0.3533395230770111,0.9704603552818298,0.39745843410491943,0.9734060764312744
31,0.38465040922164917,0.7717562317848206,0.38414695858955383,0.7664133906364441,0.3836636245250702,0.7663866877555847,0.3831563889980316,0.7664963603019714,0.3856806755065918,0.7663877606391907,0.38633567094802856,0.7663070559501648,0.38716059923171997,0.7662960290908813,0.3820017874240875,0.7688921689987183,0.3887055516242981,0.7687488198280334,0.384156197309494,0.7753725051879883,0.38538283109664917,0.7756538987159729,0.36862170696258545,0.7935747504234314,0.40023231506347656,0.7991061806678772,0.3573872447013855,0.8317039608955383,0.39729583263397217,0.8384062647819519,0.3583013713359833,0.8608716130256653,0.3909500241279602,0.8634551167488098,0.3564569652080536,0.8705799579620361,0.38987666368484497,0.8718814253807068,0.35880395770072937,0.8692463636398315,0.3881555199623108,0.8698149919509888,0.3602035641670227,0.8656642436981201,0.38782572746276855,0.8665171265602112,0.37540656328201294,0.8713738918304443,0.3901270031929016,0.87188720703125,0.3643847405910492,0.9196076989173889,0.3966405987739563,0.9201242923736572,0.35559576749801636,0.9676318764686584,0.3977316617965698,0.9695703387260437,0.3544206917285919,0.9800927042961121,0.39663785696029663,0.9789285659790039,0.3540351986885071,0.9722499251365662,0.39833125472068787,0.9738016128540039
32,0.38589954376220703,0.7694951295852661,0.38515692949295044,0.7641803026199341,0.3844451904296875,0.7641211748123169,0.3837043344974518,0.7641693353652954,0.3873213827610016,0.7641716003417969,0.3882371187210083,0.7640637755393982,0.38933008909225464,0.7639963030815125,0.3821699917316437,0.7666547298431396,0.3908753991127014,0.7665501236915588,0.38507330417633057,0.7732940912246704,0.386930912733078,0.773746132850647,0.3696984648704529,0.7920126914978027,0.40145111083984375,0.7973671555519104,0.3577432632446289,0.8301461935043335,0.40246814489364624,0.83616042137146,0.3597224950790405,0.8597264885902405,0.39292940497398376,0.8581037521362305,0.3586156964302063,0.8690531253814697,0.39093196392059326,0.8655287027359009,0.3604798913002014,0.867563009262085,0.38875001668930054,0.8635246157646179,0.3619796335697174,0.8646408915519714,0.3886856138706207,0.8604081869125366,0.3756675124168396,0.8706403970718384,0.3923032581806183,0.8715550899505615,0.3652539849281311,0.9187477827072144,0.3979254364967346,0.9184781312942505,0.35716933012008667,0.9667165279388428,0.39913851022720337,0.9663699865341187,0.35509371757507324,0.9789209961891174,0.39796867966651917,0.9761353135108948,0.3564521074295044,0.9687281250953674,0.3990296721458435,0.9674679040908813
33,0.3872756361961365,0.7678057551383972,0.386594295501709,0.7623969316482544,0.3859408497810364,0.7623568773269653,0.38523322343826294,0.7624291181564331,0.3885278105735779,0.7623764276504517,0.38932639360427856,0.7622734904289246,0.39029884338378906,0.7622130513191223,0.3837319016456604,0.7649072408676147,0.3918061852455139,0.7646801471710205,0.38650378584861755,0.7715277671813965,0.388023316860199,0.771856963634491,0.37090665102005005,0.7903890013694763,0.40302300453186035,0.7955053448677063,0.35934221744537354,0.8289893269538879,0.402078241109848,0.8338622450828552,0.3611500561237335,0.8579320907592773,0.3920270800590515,0.8561000227928162,0.35996687412261963,0.8675081133842468,0.39000171422958374,0.8637303113937378,0.3617265820503235,0.8660544753074646,0.3877982497215271,0.8611159324645996,0.3629651963710785,0.8626494407653809,0.3877726197242737,0.858034610748291,0.37654396891593933,0.8696775436401367,0.39348483085632324,0.8702569603919983,0.36643263697624207,0.9181805849075317,0.3984118103981018,0.917171061038971,0.35834401845932007,0.9672620296478271,0.3998473882675171,0.9652830362319946,0.3552495837211609,0.9801316857337952,0.39855533838272095,0.9753916263580322,0.3577766716480255,0.9680163264274597,0.39946460723876953,0.966791033744812
34,0.3886612057685852,0.76643306016922,0.3881005048751831,0.7606673240661621,0.38749051094055176,0.7606105208396912,0.3868311941623688,0.7606895565986633,0.3899582028388977,0.7607484459877014,0.3907424211502075,0.7606930136680603,0.391718327999115,0.7606914043426514,0.3853822350502014,0.7634037733078003,0.3933044672012329,0.7634106874465942,0.38796404004096985,0.7701859474182129,0.3893590569496155,0.7706072330474854,0.3722596764564514,0.789120078086853,0.4045979976654053,0.7947259545326233,0.3609597682952881,0.8280825018882751,0.4028868079185486,0.8327670693397522,0.36265829205513,0.856925368309021,0.39378881454467773,0.8550993204116821,0.3613775968551636,0.865999162197113,0.3920876383781433,0.8626998066902161,0.3631349503993988,0.8641568422317505,0.38988569378852844,0.8599715232849121,0.36484163999557495,0.8608112931251526,0.38971248269081116,0.856930136680603,0.37769532203674316,0.8685353398323059,0.3944219946861267,0.8692411780357361,0.36786702275276184,0.916965901851654,0.3997619152069092,0.9164597392082214,0.35996851325035095,0.9664928913116455,0.40125933289527893,0.9635224938392639,0.35693496465682983,0.9792532920837402,0.40010786056518555,0.9733350276947021,0.35949045419692993,0.9672450423240662,0.4006783366203308,0.967060923576355
35,0.3897344172000885,0.7657439112663269,0.38984912633895874,0.7598960995674133,0.38977327942848206,0.7598971724510193,0.3897286653518677,0.760064423084259,0.3902513086795807,0.7598487138748169,0.39047813415527344,0.7598525285720825,0.39082711935043335,0.7600011825561523,0.38955140113830566,0.7625798583030701,0.39201557636260986,0.7624746561050415,0.3898572623729706,0.7694219946861267,0.3898407220840454,0.7694527506828308,0.4004843831062317,0.790606677532196,0.37852680683135986,0.7888127565383911,0.39123451709747314,0.8277335166931152,0.3718512952327728,0.8237237930297852,0.3824225962162018,0.856132447719574,0.36674588918685913,0.8504241704940796,0.3802889883518219,0.8653241395950317,0.36495837569236755,0.8611361384391785,0.37939223647117615,0.8632233738899231,0.36803823709487915,0.8590264916419983,0.38008320331573486,0.8600441217422485,0.369026243686676,0.8559951186180115,0.38739076256752014,0.8688451051712036,0.39004096388816833,0.8671618103981018,0.37098509073257446,0.9142836928367615,0.38975346088409424,0.9152587056159973,0.36222612857818604,0.9624364972114563,0.39367616176605225,0.961121678352356,0.36756008863449097,0.9733741879463196,0.3997880816459656,0.9680955410003662,0.3610895276069641,0.9691725969314575,0.39050573110580444,0.9683777093887329
36,0.3912927210330963,0.7634525895118713,0.39084091782569885,0.7578697800636292,0.3903554677963257,0.757905900478363,0.3898177742958069,0.7580728530883789,0.39237964153289795,0.7577741146087646,0.3930533230304718,0.7577553391456604,0.39390355348587036,0.7578156590461731,0.3885429799556732,0.7608409523963928,0.39571428298950195,0.7604319453239441,0.3908890187740326,0.7674885988235474,0.39205828309059143,0.7674652338027954,0.3904552161693573,0.7855887413024902,0.40375852584838867,0.7910668253898621,0.37881404161453247,0.8228933811187744,0.4041893482208252,0.8280845880508423,0.37389522790908813,0.8525040745735168,0.39893051981925964,0.8524301052093506,0.3718881607055664,0.8616985082626343,0.39858970046043396,0.8606655597686768,0.37137919664382935,0.8599423766136169,0.3967354893684387,0.8581962585449219,0.37225499749183655,0.8563452959060669,0.39616671204566956,0.8553813695907593,0.38258057832717896,0.8652932643890381,0.3948792517185211,0.8664105534553528,0.37102562189102173,0.9110854268074036,0.40045198798179626,0.9125924706459045,0.36341437697410583,0.9606742858886719,0.4019160866737366,0.9605695009231567,0.363945335149765,0.9728478193283081,0.40199047327041626,0.9692445397377014,0.3617524802684784,0.9666503071784973,0.40167236328125,0.9657291173934937
37,0.39218413829803467,0.7647333145141602,0.39221635460853577,0.7589091658592224,0.39207741618156433,0.7588580846786499,0.39193516969680786,0.7589643001556396,0.39278775453567505,0.7586917281150818,0.39308610558509827,0.758522629737854,0.3934989273548126,0.7584824562072754,0.3916347622871399,0.7607073187828064,0.39525213837623596,0.760011613368988,0.39221808314323425,0.7684472799301147,0.392442524433136,0.7681869268417358,0.382505863904953,0.7830440998077393,0.40127697587013245,0.788939893245697,0.3824228048324585,0.8234081864356995,0.3855118155479431,0.8227137923240662,0.37128835916519165,0.8485804796218872,0.38003742694854736,0.8511460423469543,0.37247592210769653,0.858921468257904,0.3724331855773926,0.858744740486145,0.3696913421154022,0.8555107712745667,0.37376922369003296,0.855314314365387,0.37085622549057007,0.8526374697685242,0.3744548261165619,0.8525904417037964,0.38518938422203064,0.8653314113616943,0.39312583208084106,0.8651500344276428,0.3725176751613617,0.9100030064582825,0.3974502384662628,0.9121345281600952,0.3650759756565094,0.9585103392601013,0.4020727276802063,0.9545795917510986,0.36737048625946045,0.9725812077522278,0.39714378118515015,0.9685533046722412,0.362973690032959,0.9680290222167969,0.3954300284385681,0.9674441814422607
38,0.3938247561454773,0.76226407289505,0.39346790313720703,0.756257951259613,0.39300471544265747,0.7562757730484009,0.39248865842819214,0.7564442157745361,0.3948971629142761,0.7559682130813599,0.3955436050891876,0.7557954788208008,0.39634716510772705,0.7557222843170166,0.39129653573036194,0.7587378025054932,0.3985580801963806,0.7576847672462463,0.3934233784675598,0.7663192749023438,0.39449208974838257,0.7661203742027283,0.3797745108604431,0.7816374897956848,0.4087228775024414,0.788739025592804,0.3738338351249695,0.8217098712921143,0.40505725145339966,0.8259314894676208,0.36886876821517944,0.8488631248474121,0.40313276648521423,0.847053587436676,0.36925601959228516,0.858656644821167,0.4023851752281189,0.8604543805122375,0.36825257539749146,0.8551498651504517,0.4005963206291199,0.8572349548339844,0.3695296049118042,0.8524272441864014,0.39972564578056335,0.8543287515640259,0.3830958902835846,0.8623632788658142,0.3965732455253601,0.8638741374015808,0.3730582892894745,0.9086424112319946,0.40293088555336,0.9093987941741943,0.3664405047893524,0.9584267735481262,0.4041971266269684,0.955636739730835,0.3661049008369446,0.9699293375015259,0.40248870849609375,0.9660069942474365,0.36459460854530334,0.9647082090377808,0.4032818675041199,0.9650009274482727
39,0.394881010055542,0.7601053714752197,0.3945823311805725,0.7540246844291687,0.39410945773124695,0.7541593909263611,0.3935764729976654,0.7544674277305603,0.39597761631011963,0.7536278367042542,0.3965901732444763,0.753498911857605,0.39734238386154175,0.7535046935081482,0.39239031076431274,0.7571821212768555,0.39946770668029785,0.7559580206871033,0.3944001793861389,0.7645027041435242,0.39553672075271606,0.764222264289856,0.37893348932266235,0.7795347571372986,0.41019970178604126,0.7877177000045776,0.3735050559043884,0.8197700381278992,0.40463510155677795,0.8257640600204468,0.3684045374393463,0.8480023145675659,0.4004141390323639,0.8499032855033875,0.36758920550346375,0.8572646379470825,0.4001588821411133,0.8606856465339661,0.36873432993888855,0.8546682596206665,0.3985254168510437,0.8574459552764893,0.3700433373451233,0.851897120475769,0.39792317152023315,0.8542807698249817,0.38359299302101135,0.8605868220329285,0.39713048934936523,0.8622879981994629,0.37395089864730835,0.9081102013587952,0.40430569648742676,0.9065395593643188,0.3681032061576843,0.9578145146369934,0.4054001271724701,0.9532864689826965,0.36717092990875244,0.9686715006828308,0.4042583405971527,0.9627106785774231,0.3668360412120819,0.9614386558532715,0.40482980012893677,0.9633125066757202
40,0.3962751626968384,0.756953775882721,0.3956635892391205,0.7516606450080872,0.39493685960769653,0.7518786787986755,0.39414528012275696,0.752258837223053,0.3977520167827606,0.7513703107833862,0.39861759543418884,0.7513901591300964,0.39963415265083313,0.7515273094177246,0.3925500214099884,0.7554394006729126,0.4016250967979431,0.7543582320213318,0.39532381296157837,0.7616487145423889,0.39729002118110657,0.7615033388137817,0.3793432414531708,0.778240442276001,0.4109591543674469,0.78602534532547,0.3726311922073364,0.8167093992233276,0.4136792719364166,0.8250769972801208,0.36829596757888794,0.8473739624023438,0.4085048735141754,0.8455780148506165,0.367064893245697,0.8565396666526794,0.40817365050315857,0.8579505681991577,0.36894160509109497,0.8546371459960938,0.40619874000549316,0.8555597066879272,0.37029093503952026,0.8519926071166992,0.40555429458618164,0.852551281452179,0.3831973075866699,0.8598746657371521,0.3999071717262268,0.8622907996177673,0.3749747574329376,0.906574010848999,0.4053359925746918,0.9043834209442139,0.3691370487213135,0.9575375914573669,0.4063352048397064,0.9542310833930969,0.36808279156684875,0.968704879283905,0.40503472089767456,0.9639049768447876,0.3681538701057434,0.9586451053619385,0.40673166513442993,0.9597381353378296
41,0.39757657051086426,0.754978358745575,0.39707136154174805,0.7493782043457031,0.3964020609855652,0.7495091557502747,0.39565789699554443,0.7497912645339966,0.39895936846733093,0.7492559552192688,0.39974161982536316,0.7493025064468384,0.40067845582962036,0.7494646906852722,0.3942277729511261,0.7528842687606812,0.40270304679870605,0.7523674964904785,0.3967849314212799,0.759421706199646,0.39841267466545105,0.7594309449195862,0.38056373596191406,0.7764177322387695,0.41236624121665955,0.7848646640777588,0.371196448802948,0.8157792091369629,0.4106004238128662,0.8247457146644592,0.3698258101940155,0.8450501561164856,0.40661153197288513,0.8477979898452759,0.3677140176296234,0.8548064231872559,0.40663743019104004,0.8579216003417969,0.37005615234375,0.8519315123558044,0.4049351215362549,0.8549444675445557,0.37142038345336914,0.8491185307502747,0.4042220115661621,0.8517583012580872,0.38440150022506714,0.8586399555206299,0.40022802352905273,0.8610531091690063,0.3760424852371216,0.9050716757774353,0.4061615467071533,0.903914749622345,0.37035778164863586,0.9557787775993347,0.4074079096317291,0.9535173177719116,0.36970144510269165,0.9663726091384888,0.40633994340896606,0.96295565366745,0.3695395588874817,0.9587096571922302,0.40712541341781616,0.9607606530189514
42,0.3987658619880676,0.7540181279182434,0.39808154106140137,0.7485399842262268,0.39735549688339233,0.7486320734024048,0.39656510949134827,0.7488672137260437,0.4001642167568207,0.7484363317489624,0.40104109048843384,0.7484585046768188,0.40208396315574646,0.7485798597335815,0.3950270414352417,0.751900315284729,0.40419894456863403,0.7512131333351135,0.39791998267173767,0.7585136294364929,0.39979124069213867,0.758549153804779,0.3818233907222748,0.7757963538169861,0.4136451780796051,0.7833940386772156,0.37054744362831116,0.8139021992683411,0.4150952398777008,0.8230440616607666,0.3702080249786377,0.8435152769088745,0.41142764687538147,0.847558319568634,0.3684045672416687,0.8527884483337402,0.4115977883338928,0.8560812473297119,0.37098997831344604,0.8507252335548401,0.4098780155181885,0.8535436987876892,0.37245050072669983,0.8471710085868835,0.4090688228607178,0.8505108952522278,0.3849858343601227,0.8575488328933716,0.40200385451316833,0.8603094220161438,0.376910537481308,0.9036052227020264,0.4078790545463562,0.9037546515464783,0.371193528175354,0.9558872580528259,0.40846461057662964,0.9530355930328369,0.3703157603740692,0.9667534828186035,0.4073893129825592,0.9627430438995361,0.36974036693573,0.9586127400398254,0.40845125913619995,0.95809006690979
43,0.3999762237071991,0.7521847486495972,0.39932069182395935,0.7466987371444702,0.39858749508857727,0.7468321919441223,0.3977883756160736,0.747097373008728,0.4013706147670746,0.7465965151786804,0.40219831466674805,0.7466681599617004,0.4031859338283539,0.7468348741531372,0.3962194621562958,0.7498586773872375,0.405090868473053,0.7494582533836365,0.39904898405075073,0.7565180659294128,0.40093421936035156,0.7567237615585327,0.38308072090148926,0.7739231586456299,0.4148842692375183,0.7825459837913513,0.37088003754615784,0.8125844597816467,0.4143870770931244,0.8224607110023499,0.37103182077407837,0.8420142531394958,0.40958771109580994,0.8468464612960815,0.36922183632850647,0.8512069582939148,0.4094937741756439,0.8549734354019165,0.3714381158351898,0.849717378616333,0.40747755765914917,0.8519740700721741,0.37334638833999634,0.846181333065033,0.4067568778991699,0.8489077091217041,0.3862014412879944,0.8570334315299988,0.4031198024749756,0.8593795895576477,0.3778068721294403,0.9034926295280457,0.40889471769332886,0.9036133885383606,0.37248238921165466,0.9526614546775818,0.40930357575416565,0.9515113234519958,0.37211957573890686,0.962404191493988,0.40823307633399963,0.9612430930137634,0.3712620139122009,0.9581453800201416,0.40916481614112854,0.9579800367355347
44,0.40130749344825745,0.7498224973678589,0.4005846381187439,0.7442694902420044,0.3997679352760315,0.7444090843200684,0.3988807797431946,0.7446517944335938,0.40283387899398804,0.7442657351493835,0.40375304222106934,0.7444121241569519,0.4048411250114441,0.7446441650390625,0.3970681130886078,0.7477404475212097,0.40678834915161133,0.747697114944458,0.40027937293052673,0.754445493221283,0.40241509675979614,0.7547558546066284,0.38396772742271423,0.7723163962364197,0.41615861654281616,0.7819615602493286,0.3716292679309845,0.8105682134628296,0.4185384213924408,0.8228253722190857,0.3715210258960724,0.840976893901825,0.4139536917209625,0.8465777635574341,0.36978664994239807,0.8500890135765076,0.4137888550758362,0.854297399520874,0.3720633089542389,0.848860502243042,0.4116482138633728,0.8515247106552124,0.37409377098083496,0.8455161452293396,0.41090139746665955,0.8484549522399902,0.3867272436618805,0.8559466004371643,0.40493661165237427,0.858936071395874,0.3788755238056183,0.9023931622505188,0.4103633761405945,0.9023076295852661,0.3734913766384125,0.9513955116271973,0.4102051258087158,0.9511885643005371,0.3731367588043213,0.9602984189987183,0.4090751111507416,0.9608433842658997,0.37231332063674927,0.9562735557556152,0.4104878008365631,0.9551318883895874
45,0.40276485681533813,0.7482172846794128,0.40206199884414673,0.7428743243217468,0.4012301564216614,0.7429444789886475,0.40030914545059204,0.7431296706199646,0.4044005870819092,0.7430175542831421,0.405343234539032,0.7431917190551758,0.4064611494541168,0.7434523105621338,0.3983180820941925,0.7463709712028503,0.4082741141319275,0.7465631365776062,0.40166768431663513,0.7527713179588318,0.4038563370704651,0.753136932849884,0.38479334115982056,0.7705435156822205,0.41710346937179565,0.7807266116142273,0.3724532127380371,0.8091763257980347,0.42014139890670776,0.8211168050765991,0.37194857001304626,0.8400142192840576,0.415139764547348,0.8414589762687683,0.37026894092559814,0.8488104343414307,0.4160138964653015,0.8481031060218811,0.37256452441215515,0.8475579023361206,0.41392093896865845,0.8500226140022278,0.37424442172050476,0.8443101644515991,0.4131593108177185,0.8469457626342773,0.3873882293701172,0.8549971580505371,0.4062730669975281,0.8582792282104492,0.37997451424598694,0.9010167717933655,0.4108346402645111,0.9014623165130615,0.37457913160324097,0.9510608315467834,0.41083425283432007,0.9499393701553345,0.3740936517715454,0.9606839418411255,0.4094620645046234,0.9604654312133789,0.3740738034248352,0.9522980451583862,0.4113878309726715,0.9536405205726624
46,0.4042286276817322,0.7478494644165039,0.4036347270011902,0.7421168684959412,0.4029415249824524,0.742190957069397,0.4021684229373932,0.7424055933952332,0.4057515561580658,0.7421488165855408,0.4066182076931,0.7422459125518799,0.4076697826385498,0.7424179911613464,0.4004470705986023,0.7453338503837585,0.4093433916568756,0.745243489742279,0.4033955931663513,0.7522327899932861,0.4052134156227112,0.7524030804634094,0.38637250661849976,0.7686317563056946,0.41870197653770447,0.779848039150238,0.3738275170326233,0.8080812096595764,0.4194996953010559,0.8206819295883179,0.372682124376297,0.8383176326751709,0.41638875007629395,0.843178391456604,0.3704226613044739,0.8474079370498657,0.41694194078445435,0.8504610061645508,0.3728063106536865,0.8458729982376099,0.4149950444698334,0.8512459397315979,0.3745012581348419,0.8424233198165894,0.41399186849594116,0.8481791019439697,0.3887001574039459,0.8538993000984192,0.4071404039859772,0.8565717339515686,0.38077983260154724,0.9004458785057068,0.41175422072410583,0.900739312171936,0.3753592073917389,0.9514544010162354,0.4118559956550598,0.9494996666908264,0.37512093782424927,0.9613327980041504,0.41055694222450256,0.9593935608863831,0.3744382858276367,0.953755259513855,0.41218382120132446,0.9538586139678955
47,0.4059080183506012,0.7449095249176025,0.40525126457214355,0.7391517758369446,0.40452808141708374,0.7391459941864014,0.40371522307395935,0.7392429709434509,0.40750813484191895,0.739572286605835,0.408440500497818,0.7398258447647095,0.4096081852912903,0.7401034235954285,0.40175262093544006,0.7427295446395874,0.4114103317260742,0.7432540655136108,0.4049265384674072,0.7494972348213196,0.40678709745407104,0.750044584274292,0.3877614140510559,0.7669786810874939,0.4199284017086029,0.7780932784080505,0.37489357590675354,0.8052420616149902,0.421452134847641,0.8173032999038696,0.37383028864860535,0.8363012671470642,0.4174756109714508,0.8379771113395691,0.37211236357688904,0.8457270264625549,0.41821399331092834,0.8494862914085388,0.37423282861709595,0.8442828059196472,0.4164758622646332,0.8478250503540039,0.37571316957473755,0.8408518433570862,0.4155239462852478,0.8446579575538635,0.38943877816200256,0.852130115032196,0.40817779302597046,0.8552263975143433,0.3821726441383362,0.8983153700828552,0.41324156522750854,0.898603081703186,0.3765002489089966,0.9495100975036621,0.4128798842430115,0.9477279782295227,0.3760153353214264,0.9593417048454285,0.41151338815689087,0.9581250548362732,0.3760440945625305,0.9519081711769104,0.4132588803768158,0.950392484664917
48,0.40741443634033203,0.7435461282730103,0.4067855775356293,0.737895131111145,0.4060920178890228,0.7378947138786316,0.40532034635543823,0.7379992008209229,0.4089389741420746,0.7382441163063049,0.40983039140701294,0.7384529113769531,0.4109637141227722,0.73866206407547,0.40340113639831543,0.7414590716362,0.41278567910194397,0.741586446762085,0.4064997732639313,0.7482601404190063,0.4081820845603943,0.7485743165016174,0.38939669728279114,0.765201985836029,0.4218100905418396,0.7767635583877563,0.37636643648147583,0.8035358786582947,0.42181921005249023,0.8146207332611084,0.37471118569374084,0.8350396752357483,0.41660547256469727,0.8399393558502197,0.37291380763053894,0.844576358795166,0.41699662804603577,0.8494836688041687,0.3749830722808838,0.8431202173233032,0.4151265025138855,0.8470298051834106,0.3764250576496124,0.8397614359855652,0.4142336845397949,0.8437424302101135,0.3906345069408417,0.8502047061920166,0.40913113951683044,0.8533021807670593,0.38305747509002686,0.8975445032119751,0.41396063566207886,0.8979285955429077,0.3775539994239807,0.9481520056724548,0.41385117173194885,0.946100115776062,0.37714117765426636,0.9579180479049683,0.41249266266822815,0.9569336175918579,0.37642842531204224,0.9515200257301331,0.413896381855011,0.9475447535514832
49,0.4082087576389313,0.7435613870620728,0.4076453149318695,0.7375062704086304,0.406907320022583,0.7375133037567139,0.40608659386634827,0.7376168370246887,0.4098035395145416,0.7377063035964966,0.41068482398986816,0.7378278374671936,0.41178131103515625,0.7379536032676697,0.40437760949134827,0.7408947348594666,0.41376248002052307,0.740661084651947,0.4072604179382324,0.7481638789176941,0.40894609689712524,0.7484265565872192,0.39011290669441223,0.7645092606544495,0.4227273464202881,0.7764747738838196,0.37752822041511536,0.8034372329711914,0.42043933272361755,0.8159215450286865,0.3763410747051239,0.8337418437004089,0.4158404469490051,0.8395639061927795,0.37411803007125854,0.8436604142189026,0.4158906936645508,0.8481419086456299,0.3762500584125519,0.842086136341095,0.41395115852355957,0.8448572754859924,0.37832000851631165,0.8385865688323975,0.4132100045681,0.8415058851242065,0.39205262064933777,0.8487387895584106,0.4097999632358551,0.8520979285240173,0.38422253727912903,0.8960623741149902,0.41491618752479553,0.896891176700592,0.3785853981971741,0.9461873173713684,0.4147711396217346,0.9436442852020264,0.3782974183559418,0.9564576148986816,0.41343942284584045,0.9541475772857666,0.3776439428329468,0.9504031538963318,0.4139021039009094,0.9460569620132446
