frame,speed_px_s,speed_kmh,speed_mph,center_x,center_y
2,174.7538030423167,629.1136909523401,390.9130032607465,459.5,781.0
3,84.76804569668901,305.16496450808046,189.62065916135046,458.5,782.0
4,643.4838327747419,2316.541797989071,1439.431893558267,468.0,777.0
5,174.7538030423167,629.1136909523401,390.9130032607465,470.5,775.5
6,978.5111518869835,3522.6401467931405,2188.8664306530004,458.0,786.0
7,524.2614091269501,1887.3410728570202,1172.7390097822395,453.5,793.5
8,191.90182529768776,690.846571071676,429.27202471337836,451.5,796.0
9,123.56959916936046,444.85055700969764,276.41723545967284,451.0,798.0
10,84.76804569668901,305.16496450808046,189.62065916135046,450.0,799.0
11,0.0,0.0,0.0,450.0,799.0
12,108.05847978413554,389.01052722288796,241.71986031101312,451.5,800.0
13,402.090145804158,1447.5245248949689,899.4497615585117,457.5,803.0
14,127.1520685450335,457.7474467621206,284.43098874202565,456.0,804.5
15,89.91008991008991,323.6763236763237,201.12308091908093,456.0,806.0
16,1267.6295294239721,4563.4663059263,2835.605621979731,477.0,808.5
17,161.39355066337174,581.0167823881383,361.02697908929986,476.0,806.0
18,335.075121503465,1206.2704374124742,749.5414679654265,470.5,807.0
19,839.6958477195944,3022.9050517905403,1878.3455349361398,482.0,815.0
20,483.25221268522773,1739.70796566682,1081.0040783343577,486.0,822.0
21,749.2507492507492,2697.302697302697,1676.0256743256743,473.5,822.0
22,394.1941989400371,1419.0991161841337,881.7870369224513,467.0,821.0
23,119.88011988011988,431.56843156843155,268.1641078921079,465.0,821.0
24,108.05847978413554,389.01052722288796,241.71986031101312,463.5,820.0
25,149.85014985014985,539.4605394605395,335.2051348651349,465.0,822.0
26,282.73669726443364,1017.8521101519611,632.4637835372342,467.5,826.0
27,0.0,0.0,0.0,467.5,826.0
28,0.0,0.0,0.0,467.5,826.0
29,0.0,0.0,0.0,467.5,826.0
30,0.0,0.0,0.0,467.5,826.0
31,0.0,0.0,0.0,467.5,826.0
32,0.0,0.0,0.0,467.5,826.0
33,0.0,0.0,0.0,467.5,826.0
34,0.0,0.0,0.0,467.5,826.0
35,0.0,0.0,0.0,467.5,826.0
36,1420.0229059519042,5112.082461426856,3176.499791139267,491.0,829.0
37,123.56959916936046,444.85055700969764,276.41723545967284,493.0,828.5
38,211.92011424172253,762.9124112702011,474.05164790337614,496.5,828.0
39,149.85014985014985,539.4605394605395,335.2051348651349,498.5,826.5
40,29.97002997002997,107.89210789210789,67.04102697302697,498.5,826.0
41,152.8177676401434,550.1439635045163,341.8435047467648,496.0,825.5
42,276.3100236950915,994.7160853023295,618.0877286403937,500.5,824.5
43,149.85014985014985,539.4605394605395,335.2051348651349,502.0,822.5
44,152.8177676401434,550.1439635045163,341.8435047467648,504.5,823.0
45,254.304137090067,915.4948935242412,568.8619774840513,507.5,820.0
46,502.3892491780283,1808.601297040902,1123.8123965436023,515.5,817.5
47,182.30057533361295,656.2820712010066,407.7946468642407,518.5,817.0
48,29.97002997002997,107.89210789210789,67.04102697302697,518.0,817.0
49,59.94005994005994,215.78421578421577,134.08205394605395,518.0,816.0
50,161.39355066337174,581.0167823881383,361.02697908929986,519.0,813.5
51,182.30057533361295,656.2820712010066,407.7946468642407,518.5,816.5
52,257.8119460652136,928.123005834769,576.7087202585562,522.0,819.0
53,256.0640483112147,921.830573920373,572.7987855474761,520.5,823.0
54,257.8119460652136,928.123005834769,576.7087202585562,524.0,825.5
55,276.3100236950915,994.7160853023295,618.0877286403937,525.0,830.0
56,174.7538030423167,629.1136909523401,390.9130032607465,526.5,832.5
57,257.8119460652136,928.123005834769,576.7087202585562,529.0,836.0
58,473.86778124401286,1705.9240124784462,1060.0117095577446,522.5,831.5
59,189.54711249760516,682.3696049913785,424.0046838230979,523.5,828.5
60,134.030048601386,482.5081749649896,299.8165871861706,524.5,830.5
61,228.24494822768958,821.6818136196825,510.56925021067576,528.0,829.0
62,169.53609139337803,610.3299290161609,379.2413183227009,530.0,831.0
63,0.0,0.0,0.0,530.0,831.0
64,201.045072902079,723.7622624474844,449.72488077925584,528.5,828.0
65,234.07341686033928,842.6643006972214,523.6071591885332,531.0,825.0
66,282.73669726443364,1017.8521101519611,632.4637835372342,527.0,822.5
67,174.7538030423167,629.1136909523401,390.9130032607465,524.5,824.0
68,552.620047390183,1989.432170604659,1236.1754572807874,515.5,822.0
69,399.8500718519381,1439.460258666977,894.4388603881582,509.0,820.5
70,341.71091661312823,1230.1592998072617,764.3853142805381,514.5,822.0
71,134.030048601386,482.5081749649896,299.8165871861706,512.5,823.0
72,108.05847978413554,389.01052722288796,241.71986031101312,511.0,824.0
73,419.5804195804196,1510.4895104895104,938.5743776223776,504.0,824.0
74,257.8119460652136,928.123005834769,576.7087202585562,506.5,827.5
75,247.13919833872092,889.7011140193953,552.8344709193457,502.5,828.5
76,843.9637067130103,3038.269344166837,1887.8924606542917,516.0,832.5
77,350.7902071144743,1262.8447456121075,784.6951024257409,510.5,834.5
78,312.89629896834816,1126.4266762860534,699.9288702705413,505.5,833.0
79,218.1851115668487,785.4664016406552,488.06604345385557,502.0,832.0
80,480.45613012631566,1729.6420684547363,1074.749421717788,494.0,831.5
81,588.8176634681868,2119.7435884854726,1317.1471933208065,484.5,834.0
82,458.45330292043025,1650.431890513549,1025.5305142402945,492.0,835.5
83,329.6703296703297,1186.813186813187,737.4512967032969,492.0,841.0
84,751.6445277113559,2705.9202997608813,1681.3804025827187,503.5,836.0
85,149.85014985014985,539.4605394605395,335.2051348651349,502.0,834.0
86,691.9118709659458,2490.882735477405,1547.7622962263306,491.0,837.5
87,0.0,0.0,0.0,491.0,837.5
88,0.0,0.0,0.0,491.0,837.5
89,1327.506568852154,4779.023647867754,2969.5467030992345,471.5,848.0
90,174.7538030423167,629.1136909523401,390.9130032607465,469.0,849.5
91,127.1520685450335,457.7474467621206,284.43098874202565,467.5,851.0
92,515.6238921304272,1856.246011669538,1153.4174405171125,460.5,856.0
93,576.4850368133269,2075.346132527977,1289.5599017150414,452.0,860.5
94,295.17056349039274,1062.614028565414,660.2775415437198,456.5,862.5
95,1404.7602371937621,5057.136853897544,3142.3581840431707,433.5,867.0
96,257.8119460652136,928.123005834769,576.7087202585562,430.0,869.5
97,770.5270808500964,2773.897491060347,1723.6194579176588,417.5,872.5
98,657.2940719119273,2366.258658882938,1470.3245091287502,407.5,877.0
99,445.5365258936615,1603.9314932171815,996.6365158718532,400.5,879.5
100,988.5567933548837,3558.804456077581,2211.3378836773827,384.5,883.5
101,536.120194405544,1930.0326998599585,1199.2663487446823,376.5,887.5
102,509.49050949050945,1834.165834165834,1139.6974585414584,369.0,891.5
103,835.9435972616195,3009.3969501418305,1869.9519923065793,355.5,895.0
104,858.2110527438374,3089.5597898778146,1919.7628561961676,341.5,898.0
105,778.0672319129172,2801.0420348865023,1740.486290259461,329.0,901.5
106,218.1851115668487,785.4664016406552,488.06604345385557,332.5,902.5
107,1745.4808925347895,6283.731213125242,3904.5283476308446,304.5,910.5
108,599.4005994005994,2157.842157842158,1340.8205394605395,296.5,916.5
109,712.3794799603224,2564.566127857161,1593.547019432732,292.0,927.5
110,617.8479958468023,2224.2527850484885,1382.0861772983644,282.0,930.0
111,975.7534822836986,3512.712536221315,2182.6977013443748,266.0,933.0
112,804.180291608316,2895.0490497899377,1798.8995231170234,260.0,945.0
113,1170.3670843016964,4213.321503486107,2618.0357959426656,241.0,949.5
114,635.7603427251676,2288.7372338106034,1422.1549437101285,230.5,951.0
115,632.2184748170525,2275.986509341389,1414.2320132959683,221.5,956.5
116,473.86778124401286,1705.9240124784462,1060.0117095577446,217.0,963.0
117,487.8767411418493,1756.3562681106575,1091.3488506721874,211.5,969.0
118,349.5076060846334,1258.2273819046802,781.826006521493,216.5,972.0
119,1547.161977918918,5569.783120508105,3460.9017073732416,198.5,990.5
120,0.0,0.0,0.0,198.5,990.5
121,0.0,0.0,0.0,198.5,990.5
122,0.0,0.0,0.0,198.5,990.5
123,0.0,0.0,0.0,198.5,990.5
124,0.0,0.0,0.0,198.5,990.5
125,0.0,0.0,0.0,198.5,990.5
126,0.0,0.0,0.0,198.5,990.5
127,0.0,0.0,0.0,198.5,990.5
128,0.0,0.0,0.0,198.5,990.5
129,0.0,0.0,0.0,198.5,990.5
130,0.0,0.0,0.0,198.5,990.5
131,3140.4244309521846,11305.527951427865,7024.927208706684,246.5,1011.5
132,381.45620563510056,1373.2423402863622,853.2929662260772,251.0,1007.0
133,0.0,0.0,0.0,251.0,1007.0
134,0.0,0.0,0.0,251.0,1007.0
135,0.0,0.0,0.0,251.0,1007.0
136,0.0,0.0,0.0,251.0,1007.0
137,0.0,0.0,0.0,251.0,1007.0
138,0.0,0.0,0.0,251.0,1007.0
139,0.0,0.0,0.0,251.0,1007.0
140,0.0,0.0,0.0,251.0,1007.0
141,0.0,0.0,0.0,251.0,1007.0
142,0.0,0.0,0.0,251.0,1007.0
143,0.0,0.0,0.0,251.0,1007.0
144,0.0,0.0,0.0,251.0,1007.0
145,0.0,0.0,0.0,251.0,1007.0
146,0.0,0.0,0.0,251.0,1007.0
147,0.0,0.0,0.0,251.0,1007.0
148,0.0,0.0,0.0,251.0,1007.0
149,0.0,0.0,0.0,251.0,1007.0
150,0.0,0.0,0.0,251.0,1007.0
151,0.0,0.0,0.0,251.0,1007.0
152,0.0,0.0,0.0,251.0,1007.0
153,0.0,0.0,0.0,251.0,1007.0
154,0.0,0.0,0.0,251.0,1007.0
155,0.0,0.0,0.0,251.0,1007.0
156,0.0,0.0,0.0,251.0,1007.0
157,0.0,0.0,0.0,251.0,1007.0
158,0.0,0.0,0.0,251.0,1007.0
159,0.0,0.0,0.0,251.0,1007.0
160,0.0,0.0,0.0,251.0,1007.0
161,0.0,0.0,0.0,251.0,1007.0
162,0.0,0.0,0.0,251.0,1007.0
163,0.0,0.0,0.0,251.0,1007.0
164,0.0,0.0,0.0,251.0,1007.0
165,0.0,0.0,0.0,251.0,1007.0
166,0.0,0.0,0.0,251.0,1007.0
167,0.0,0.0,0.0,251.0,1007.0
168,0.0,0.0,0.0,251.0,1007.0
169,0.0,0.0,0.0,251.0,1007.0
170,0.0,0.0,0.0,251.0,1007.0
171,0.0,0.0,0.0,251.0,1007.0
172,0.0,0.0,0.0,251.0,1007.0
173,0.0,0.0,0.0,251.0,1007.0
174,0.0,0.0,0.0,251.0,1007.0
175,0.0,0.0,0.0,251.0,1007.0
176,0.0,0.0,0.0,251.0,1007.0
177,0.0,0.0,0.0,251.0,1007.0
178,0.0,0.0,0.0,251.0,1007.0
179,0.0,0.0,0.0,251.0,1007.0
180,0.0,0.0,0.0,251.0,1007.0
181,0.0,0.0,0.0,251.0,1007.0
182,0.0,0.0,0.0,251.0,1007.0
183,0.0,0.0,0.0,251.0,1007.0
184,0.0,0.0,0.0,251.0,1007.0
185,0.0,0.0,0.0,251.0,1007.0
186,0.0,0.0,0.0,251.0,1007.0
187,0.0,0.0,0.0,251.0,1007.0
188,0.0,0.0,0.0,251.0,1007.0
189,0.0,0.0,0.0,251.0,1007.0
190,0.0,0.0,0.0,251.0,1007.0
191,0.0,0.0,0.0,251.0,1007.0
192,0.0,0.0,0.0,251.0,1007.0
193,0.0,0.0,0.0,251.0,1007.0
194,0.0,0.0,0.0,251.0,1007.0
195,0.0,0.0,0.0,251.0,1007.0
196,0.0,0.0,0.0,251.0,1007.0
197,0.0,0.0,0.0,251.0,1007.0
198,0.0,0.0,0.0,251.0,1007.0
199,0.0,0.0,0.0,251.0,1007.0
200,0.0,0.0,0.0,251.0,1007.0
201,0.0,0.0,0.0,251.0,1007.0
202,0.0,0.0,0.0,251.0,1007.0
203,0.0,0.0,0.0,251.0,1007.0
204,0.0,0.0,0.0,251.0,1007.0
205,0.0,0.0,0.0,251.0,1007.0
206,0.0,0.0,0.0,251.0,1007.0
207,0.0,0.0,0.0,251.0,1007.0
208,0.0,0.0,0.0,251.0,1007.0
209,0.0,0.0,0.0,251.0,1007.0
210,0.0,0.0,0.0,251.0,1007.0
211,0.0,0.0,0.0,251.0,1007.0
212,0.0,0.0,0.0,251.0,1007.0
213,0.0,0.0,0.0,251.0,1007.0
214,0.0,0.0,0.0,251.0,1007.0
215,0.0,0.0,0.0,251.0,1007.0
216,0.0,0.0,0.0,251.0,1007.0
217,0.0,0.0,0.0,251.0,1007.0
218,0.0,0.0,0.0,251.0,1007.0
219,0.0,0.0,0.0,251.0,1007.0
220,0.0,0.0,0.0,251.0,1007.0
221,0.0,0.0,0.0,251.0,1007.0
222,0.0,0.0,0.0,251.0,1007.0
223,0.0,0.0,0.0,251.0,1007.0
224,0.0,0.0,0.0,251.0,1007.0
225,0.0,0.0,0.0,251.0,1007.0
226,0.0,0.0,0.0,251.0,1007.0
227,0.0,0.0,0.0,251.0,1007.0
228,0.0,0.0,0.0,251.0,1007.0
229,0.0,0.0,0.0,251.0,1007.0
230,0.0,0.0,0.0,251.0,1007.0
231,0.0,0.0,0.0,251.0,1007.0
232,0.0,0.0,0.0,251.0,1007.0
233,0.0,0.0,0.0,251.0,1007.0
234,0.0,0.0,0.0,251.0,1007.0
235,0.0,0.0,0.0,251.0,1007.0
236,0.0,0.0,0.0,251.0,1007.0
237,0.0,0.0,0.0,251.0,1007.0
238,0.0,0.0,0.0,251.0,1007.0
239,0.0,0.0,0.0,251.0,1007.0
240,0.0,0.0,0.0,251.0,1007.0
241,0.0,0.0,0.0,251.0,1007.0
242,0.0,0.0,0.0,251.0,1007.0
243,0.0,0.0,0.0,251.0,1007.0
244,0.0,0.0,0.0,251.0,1007.0
245,0.0,0.0,0.0,251.0,1007.0
246,0.0,0.0,0.0,251.0,1007.0
247,0.0,0.0,0.0,251.0,1007.0
248,0.0,0.0,0.0,251.0,1007.0
249,0.0,0.0,0.0,251.0,1007.0
250,0.0,0.0,0.0,251.0,1007.0
251,0.0,0.0,0.0,251.0,1007.0
252,0.0,0.0,0.0,251.0,1007.0
253,0.0,0.0,0.0,251.0,1007.0
254,0.0,0.0,0.0,251.0,1007.0
255,0.0,0.0,0.0,251.0,1007.0
256,0.0,0.0,0.0,251.0,1007.0
257,0.0,0.0,0.0,251.0,1007.0
258,0.0,0.0,0.0,251.0,1007.0
259,0.0,0.0,0.0,251.0,1007.0
260,0.0,0.0,0.0,251.0,1007.0
261,0.0,0.0,0.0,251.0,1007.0
262,0.0,0.0,0.0,251.0,1007.0
263,0.0,0.0,0.0,251.0,1007.0
264,0.0,0.0,0.0,251.0,1007.0
265,0.0,0.0,0.0,251.0,1007.0
266,0.0,0.0,0.0,251.0,1007.0
267,0.0,0.0,0.0,251.0,1007.0
268,0.0,0.0,0.0,251.0,1007.0
269,0.0,0.0,0.0,251.0,1007.0
270,0.0,0.0,0.0,251.0,1007.0
271,0.0,0.0,0.0,251.0,1007.0
272,0.0,0.0,0.0,251.0,1007.0
273,0.0,0.0,0.0,251.0,1007.0
274,0.0,0.0,0.0,251.0,1007.0
275,0.0,0.0,0.0,251.0,1007.0
276,0.0,0.0,0.0,251.0,1007.0
277,0.0,0.0,0.0,251.0,1007.0
278,0.0,0.0,0.0,251.0,1007.0
279,0.0,0.0,0.0,251.0,1007.0
280,0.0,0.0,0.0,251.0,1007.0
281,0.0,0.0,0.0,251.0,1007.0
282,0.0,0.0,0.0,251.0,1007.0
283,0.0,0.0,0.0,251.0,1007.0
284,0.0,0.0,0.0,251.0,1007.0
285,0.0,0.0,0.0,251.0,1007.0
286,0.0,0.0,0.0,251.0,1007.0
287,0.0,0.0,0.0,251.0,1007.0
288,0.0,0.0,0.0,251.0,1007.0
289,0.0,0.0,0.0,251.0,1007.0
290,0.0,0.0,0.0,251.0,1007.0
291,0.0,0.0,0.0,251.0,1007.0
292,0.0,0.0,0.0,251.0,1007.0
293,0.0,0.0,0.0,251.0,1007.0
294,0.0,0.0,0.0,251.0,1007.0
295,0.0,0.0,0.0,251.0,1007.0
296,0.0,0.0,0.0,251.0,1007.0
297,0.0,0.0,0.0,251.0,1007.0
298,0.0,0.0,0.0,251.0,1007.0
299,0.0,0.0,0.0,251.0,1007.0
300,0.0,0.0,0.0,251.0,1007.0
301,0.0,0.0,0.0,251.0,1007.0
302,0.0,0.0,0.0,251.0,1007.0
303,0.0,0.0,0.0,251.0,1007.0
304,0.0,0.0,0.0,251.0,1007.0
305,0.0,0.0,0.0,251.0,1007.0
306,0.0,0.0,0.0,251.0,1007.0
307,0.0,0.0,0.0,251.0,1007.0
308,0.0,0.0,0.0,251.0,1007.0
309,0.0,0.0,0.0,251.0,1007.0
310,0.0,0.0,0.0,251.0,1007.0
311,0.0,0.0,0.0,251.0,1007.0
312,0.0,0.0,0.0,251.0,1007.0
313,0.0,0.0,0.0,251.0,1007.0
314,0.0,0.0,0.0,251.0,1007.0
315,0.0,0.0,0.0,251.0,1007.0
316,0.0,0.0,0.0,251.0,1007.0
317,0.0,0.0,0.0,251.0,1007.0
318,0.0,0.0,0.0,251.0,1007.0
319,0.0,0.0,0.0,251.0,1007.0
320,0.0,0.0,0.0,251.0,1007.0
321,0.0,0.0,0.0,251.0,1007.0
322,0.0,0.0,0.0,251.0,1007.0
323,0.0,0.0,0.0,251.0,1007.0
324,0.0,0.0,0.0,251.0,1007.0
325,0.0,0.0,0.0,251.0,1007.0
326,0.0,0.0,0.0,251.0,1007.0
327,0.0,0.0,0.0,251.0,1007.0
328,0.0,0.0,0.0,251.0,1007.0
329,0.0,0.0,0.0,251.0,1007.0
330,0.0,0.0,0.0,251.0,1007.0
331,0.0,0.0,0.0,251.0,1007.0
332,0.0,0.0,0.0,251.0,1007.0
333,0.0,0.0,0.0,251.0,1007.0
334,0.0,0.0,0.0,251.0,1007.0
335,0.0,0.0,0.0,251.0,1007.0
336,0.0,0.0,0.0,251.0,1007.0
337,0.0,0.0,0.0,251.0,1007.0
338,0.0,0.0,0.0,251.0,1007.0
339,0.0,0.0,0.0,251.0,1007.0
340,0.0,0.0,0.0,251.0,1007.0
341,0.0,0.0,0.0,251.0,1007.0
342,0.0,0.0,0.0,251.0,1007.0
343,0.0,0.0,0.0,251.0,1007.0
344,0.0,0.0,0.0,251.0,1007.0
345,0.0,0.0,0.0,251.0,1007.0
346,0.0,0.0,0.0,251.0,1007.0
347,0.0,0.0,0.0,251.0,1007.0
348,0.0,0.0,0.0,251.0,1007.0
349,0.0,0.0,0.0,251.0,1007.0
350,0.0,0.0,0.0,251.0,1007.0
351,0.0,0.0,0.0,251.0,1007.0
352,0.0,0.0,0.0,251.0,1007.0
353,0.0,0.0,0.0,251.0,1007.0
354,0.0,0.0,0.0,251.0,1007.0
355,0.0,0.0,0.0,251.0,1007.0
356,0.0,0.0,0.0,251.0,1007.0
357,0.0,0.0,0.0,251.0,1007.0
358,0.0,0.0,0.0,251.0,1007.0
359,0.0,0.0,0.0,251.0,1007.0
360,0.0,0.0,0.0,251.0,1007.0
361,0.0,0.0,0.0,251.0,1007.0
362,0.0,0.0,0.0,251.0,1007.0
363,0.0,0.0,0.0,251.0,1007.0
364,0.0,0.0,0.0,251.0,1007.0
365,0.0,0.0,0.0,251.0,1007.0
366,0.0,0.0,0.0,251.0,1007.0
367,0.0,0.0,0.0,251.0,1007.0
368,0.0,0.0,0.0,251.0,1007.0
369,0.0,0.0,0.0,251.0,1007.0
370,0.0,0.0,0.0,251.0,1007.0
371,0.0,0.0,0.0,251.0,1007.0
372,0.0,0.0,0.0,251.0,1007.0
373,0.0,0.0,0.0,251.0,1007.0
374,0.0,0.0,0.0,251.0,1007.0
375,0.0,0.0,0.0,251.0,1007.0
376,0.0,0.0,0.0,251.0,1007.0
377,0.0,0.0,0.0,251.0,1007.0
378,0.0,0.0,0.0,251.0,1007.0
379,0.0,0.0,0.0,251.0,1007.0
380,0.0,0.0,0.0,251.0,1007.0
381,0.0,0.0,0.0,251.0,1007.0
382,0.0,0.0,0.0,251.0,1007.0
383,0.0,0.0,0.0,251.0,1007.0
384,0.0,0.0,0.0,251.0,1007.0
385,0.0,0.0,0.0,251.0,1007.0
386,0.0,0.0,0.0,251.0,1007.0
387,0.0,0.0,0.0,251.0,1007.0
388,0.0,0.0,0.0,251.0,1007.0
389,0.0,0.0,0.0,251.0,1007.0
390,0.0,0.0,0.0,251.0,1007.0
391,0.0,0.0,0.0,251.0,1007.0
392,0.0,0.0,0.0,251.0,1007.0
393,0.0,0.0,0.0,251.0,1007.0
394,0.0,0.0,0.0,251.0,1007.0
395,0.0,0.0,0.0,251.0,1007.0
396,0.0,0.0,0.0,251.0,1007.0
397,0.0,0.0,0.0,251.0,1007.0
398,0.0,0.0,0.0,251.0,1007.0
399,0.0,0.0,0.0,251.0,1007.0
400,0.0,0.0,0.0,251.0,1007.0
401,0.0,0.0,0.0,251.0,1007.0
402,0.0,0.0,0.0,251.0,1007.0
403,0.0,0.0,0.0,251.0,1007.0
404,0.0,0.0,0.0,251.0,1007.0
405,0.0,0.0,0.0,251.0,1007.0
406,0.0,0.0,0.0,251.0,1007.0
407,0.0,0.0,0.0,251.0,1007.0
408,0.0,0.0,0.0,251.0,1007.0
409,0.0,0.0,0.0,251.0,1007.0
410,0.0,0.0,0.0,251.0,1007.0
411,0.0,0.0,0.0,251.0,1007.0
412,0.0,0.0,0.0,251.0,1007.0
413,0.0,0.0,0.0,251.0,1007.0
414,0.0,0.0,0.0,251.0,1007.0
415,0.0,0.0,0.0,251.0,1007.0
416,0.0,0.0,0.0,251.0,1007.0
417,0.0,0.0,0.0,251.0,1007.0
418,0.0,0.0,0.0,251.0,1007.0
419,0.0,0.0,0.0,251.0,1007.0
420,0.0,0.0,0.0,251.0,1007.0
421,0.0,0.0,0.0,251.0,1007.0
422,0.0,0.0,0.0,251.0,1007.0
423,0.0,0.0,0.0,251.0,1007.0
424,0.0,0.0,0.0,251.0,1007.0
425,0.0,0.0,0.0,251.0,1007.0
426,0.0,0.0,0.0,251.0,1007.0
427,0.0,0.0,0.0,251.0,1007.0
428,0.0,0.0,0.0,251.0,1007.0
429,0.0,0.0,0.0,251.0,1007.0
430,0.0,0.0,0.0,251.0,1007.0
431,0.0,0.0,0.0,251.0,1007.0
432,0.0,0.0,0.0,251.0,1007.0
433,0.0,0.0,0.0,251.0,1007.0
434,0.0,0.0,0.0,251.0,1007.0
435,0.0,0.0,0.0,251.0,1007.0
436,0.0,0.0,0.0,251.0,1007.0
437,0.0,0.0,0.0,251.0,1007.0
438,0.0,0.0,0.0,251.0,1007.0
439,0.0,0.0,0.0,251.0,1007.0
440,0.0,0.0,0.0,251.0,1007.0
441,0.0,0.0,0.0,251.0,1007.0
442,0.0,0.0,0.0,251.0,1007.0
443,0.0,0.0,0.0,251.0,1007.0
444,0.0,0.0,0.0,251.0,1007.0
445,0.0,0.0,0.0,251.0,1007.0
446,0.0,0.0,0.0,251.0,1007.0
447,0.0,0.0,0.0,251.0,1007.0
448,0.0,0.0,0.0,251.0,1007.0
449,0.0,0.0,0.0,251.0,1007.0
450,0.0,0.0,0.0,251.0,1007.0
451,0.0,0.0,0.0,251.0,1007.0
452,0.0,0.0,0.0,251.0,1007.0
453,0.0,0.0,0.0,251.0,1007.0
454,0.0,0.0,0.0,251.0,1007.0
455,0.0,0.0,0.0,251.0,1007.0
456,0.0,0.0,0.0,251.0,1007.0
457,0.0,0.0,0.0,251.0,1007.0
458,0.0,0.0,0.0,251.0,1007.0
459,0.0,0.0,0.0,251.0,1007.0
460,0.0,0.0,0.0,251.0,1007.0
461,0.0,0.0,0.0,251.0,1007.0
462,0.0,0.0,0.0,251.0,1007.0
463,0.0,0.0,0.0,251.0,1007.0
464,0.0,0.0,0.0,251.0,1007.0
465,0.0,0.0,0.0,251.0,1007.0
466,0.0,0.0,0.0,251.0,1007.0
467,0.0,0.0,0.0,251.0,1007.0
468,0.0,0.0,0.0,251.0,1007.0
469,0.0,0.0,0.0,251.0,1007.0
470,0.0,0.0,0.0,251.0,1007.0
471,0.0,0.0,0.0,251.0,1007.0
472,0.0,0.0,0.0,251.0,1007.0
473,0.0,0.0,0.0,251.0,1007.0
474,0.0,0.0,0.0,251.0,1007.0
475,0.0,0.0,0.0,251.0,1007.0
476,0.0,0.0,0.0,251.0,1007.0
477,0.0,0.0,0.0,251.0,1007.0
478,0.0,0.0,0.0,251.0,1007.0
479,0.0,0.0,0.0,251.0,1007.0
480,0.0,0.0,0.0,251.0,1007.0
481,0.0,0.0,0.0,251.0,1007.0
482,0.0,0.0,0.0,251.0,1007.0
483,0.0,0.0,0.0,251.0,1007.0
484,0.0,0.0,0.0,251.0,1007.0
485,0.0,0.0,0.0,251.0,1007.0
486,0.0,0.0,0.0,251.0,1007.0
487,0.0,0.0,0.0,251.0,1007.0
488,0.0,0.0,0.0,251.0,1007.0
489,0.0,0.0,0.0,251.0,1007.0
490,0.0,0.0,0.0,251.0,1007.0
491,0.0,0.0,0.0,251.0,1007.0
492,0.0,0.0,0.0,251.0,1007.0
493,0.0,0.0,0.0,251.0,1007.0
494,0.0,0.0,0.0,251.0,1007.0
495,0.0,0.0,0.0,251.0,1007.0
496,0.0,0.0,0.0,251.0,1007.0
497,0.0,0.0,0.0,251.0,1007.0
498,0.0,0.0,0.0,251.0,1007.0
499,0.0,0.0,0.0,251.0,1007.0
500,0.0,0.0,0.0,251.0,1007.0
501,0.0,0.0,0.0,251.0,1007.0
502,0.0,0.0,0.0,251.0,1007.0
503,0.0,0.0,0.0,251.0,1007.0
504,0.0,0.0,0.0,251.0,1007.0
505,0.0,0.0,0.0,251.0,1007.0
506,0.0,0.0,0.0,251.0,1007.0
507,0.0,0.0,0.0,251.0,1007.0
508,0.0,0.0,0.0,251.0,1007.0
509,0.0,0.0,0.0,251.0,1007.0
510,0.0,0.0,0.0,251.0,1007.0
511,0.0,0.0,0.0,251.0,1007.0
512,0.0,0.0,0.0,251.0,1007.0
513,0.0,0.0,0.0,251.0,1007.0
514,0.0,0.0,0.0,251.0,1007.0
515,0.0,0.0,0.0,251.0,1007.0
516,0.0,0.0,0.0,251.0,1007.0
517,0.0,0.0,0.0,251.0,1007.0
518,0.0,0.0,0.0,251.0,1007.0
519,0.0,0.0,0.0,251.0,1007.0
520,0.0,0.0,0.0,251.0,1007.0
521,0.0,0.0,0.0,251.0,1007.0
522,0.0,0.0,0.0,251.0,1007.0
523,0.0,0.0,0.0,251.0,1007.0
524,0.0,0.0,0.0,251.0,1007.0
525,0.0,0.0,0.0,251.0,1007.0
526,0.0,0.0,0.0,251.0,1007.0
527,0.0,0.0,0.0,251.0,1007.0
528,0.0,0.0,0.0,251.0,1007.0
529,0.0,0.0,0.0,251.0,1007.0
530,0.0,0.0,0.0,251.0,1007.0
531,0.0,0.0,0.0,251.0,1007.0
532,0.0,0.0,0.0,251.0,1007.0
533,0.0,0.0,0.0,251.0,1007.0
534,0.0,0.0,0.0,251.0,1007.0
535,0.0,0.0,0.0,251.0,1007.0
536,0.0,0.0,0.0,251.0,1007.0
537,0.0,0.0,0.0,251.0,1007.0
538,0.0,0.0,0.0,251.0,1007.0
539,0.0,0.0,0.0,251.0,1007.0
540,0.0,0.0,0.0,251.0,1007.0
541,0.0,0.0,0.0,251.0,1007.0
542,0.0,0.0,0.0,251.0,1007.0
543,0.0,0.0,0.0,251.0,1007.0
544,0.0,0.0,0.0,251.0,1007.0
545,0.0,0.0,0.0,251.0,1007.0
546,0.0,0.0,0.0,251.0,1007.0
547,0.0,0.0,0.0,251.0,1007.0
548,0.0,0.0,0.0,251.0,1007.0
549,0.0,0.0,0.0,251.0,1007.0
550,0.0,0.0,0.0,251.0,1007.0
551,0.0,0.0,0.0,251.0,1007.0
552,0.0,0.0,0.0,251.0,1007.0
553,0.0,0.0,0.0,251.0,1007.0
554,0.0,0.0,0.0,251.0,1007.0
555,0.0,0.0,0.0,251.0,1007.0
556,0.0,0.0,0.0,251.0,1007.0
557,0.0,0.0,0.0,251.0,1007.0
558,0.0,0.0,0.0,251.0,1007.0
559,0.0,0.0,0.0,251.0,1007.0
560,0.0,0.0,0.0,251.0,1007.0
561,0.0,0.0,0.0,251.0,1007.0
562,0.0,0.0,0.0,251.0,1007.0
563,0.0,0.0,0.0,251.0,1007.0
564,0.0,0.0,0.0,251.0,1007.0
565,0.0,0.0,0.0,251.0,1007.0
566,0.0,0.0,0.0,251.0,1007.0
567,0.0,0.0,0.0,251.0,1007.0
568,0.0,0.0,0.0,251.0,1007.0
569,0.0,0.0,0.0,251.0,1007.0
570,0.0,0.0,0.0,251.0,1007.0
571,0.0,0.0,0.0,251.0,1007.0
572,0.0,0.0,0.0,251.0,1007.0
573,0.0,0.0,0.0,251.0,1007.0
574,0.0,0.0,0.0,251.0,1007.0
575,0.0,0.0,0.0,251.0,1007.0
576,0.0,0.0,0.0,251.0,1007.0
577,0.0,0.0,0.0,251.0,1007.0
578,0.0,0.0,0.0,251.0,1007.0
579,0.0,0.0,0.0,251.0,1007.0
580,0.0,0.0,0.0,251.0,1007.0
581,0.0,0.0,0.0,251.0,1007.0
582,0.0,0.0,0.0,251.0,1007.0
583,0.0,0.0,0.0,251.0,1007.0
584,0.0,0.0,0.0,251.0,1007.0
585,0.0,0.0,0.0,251.0,1007.0
586,0.0,0.0,0.0,251.0,1007.0
587,0.0,0.0,0.0,251.0,1007.0
588,0.0,0.0,0.0,251.0,1007.0
589,0.0,0.0,0.0,251.0,1007.0
590,0.0,0.0,0.0,251.0,1007.0
591,0.0,0.0,0.0,251.0,1007.0
592,0.0,0.0,0.0,251.0,1007.0
593,0.0,0.0,0.0,251.0,1007.0
594,0.0,0.0,0.0,251.0,1007.0
595,0.0,0.0,0.0,251.0,1007.0
596,0.0,0.0,0.0,251.0,1007.0
597,0.0,0.0,0.0,251.0,1007.0
598,0.0,0.0,0.0,251.0,1007.0
599,0.0,0.0,0.0,251.0,1007.0
600,0.0,0.0,0.0,251.0,1007.0
601,0.0,0.0,0.0,251.0,1007.0
602,0.0,0.0,0.0,251.0,1007.0
603,0.0,0.0,0.0,251.0,1007.0
604,0.0,0.0,0.0,251.0,1007.0
605,0.0,0.0,0.0,251.0,1007.0
606,0.0,0.0,0.0,251.0,1007.0
607,0.0,0.0,0.0,251.0,1007.0
608,0.0,0.0,0.0,251.0,1007.0
609,0.0,0.0,0.0,251.0,1007.0
610,0.0,0.0,0.0,251.0,1007.0
611,0.0,0.0,0.0,251.0,1007.0
612,0.0,0.0,0.0,251.0,1007.0
613,0.0,0.0,0.0,251.0,1007.0
614,0.0,0.0,0.0,251.0,1007.0
615,0.0,0.0,0.0,251.0,1007.0
616,0.0,0.0,0.0,251.0,1007.0
617,0.0,0.0,0.0,251.0,1007.0
618,0.0,0.0,0.0,251.0,1007.0
619,0.0,0.0,0.0,251.0,1007.0
620,0.0,0.0,0.0,251.0,1007.0
621,0.0,0.0,0.0,251.0,1007.0
622,0.0,0.0,0.0,251.0,1007.0
623,0.0,0.0,0.0,251.0,1007.0
624,0.0,0.0,0.0,251.0,1007.0
625,0.0,0.0,0.0,251.0,1007.0
626,0.0,0.0,0.0,251.0,1007.0
627,0.0,0.0,0.0,251.0,1007.0
628,0.0,0.0,0.0,251.0,1007.0
629,0.0,0.0,0.0,251.0,1007.0
630,0.0,0.0,0.0,251.0,1007.0
631,0.0,0.0,0.0,251.0,1007.0
632,0.0,0.0,0.0,251.0,1007.0
633,0.0,0.0,0.0,251.0,1007.0
634,0.0,0.0,0.0,251.0,1007.0
635,0.0,0.0,0.0,251.0,1007.0
636,0.0,0.0,0.0,251.0,1007.0
637,0.0,0.0,0.0,251.0,1007.0
638,0.0,0.0,0.0,251.0,1007.0
639,0.0,0.0,0.0,251.0,1007.0
640,0.0,0.0,0.0,251.0,1007.0
641,0.0,0.0,0.0,251.0,1007.0
642,0.0,0.0,0.0,251.0,1007.0
643,0.0,0.0,0.0,251.0,1007.0
644,0.0,0.0,0.0,251.0,1007.0
645,0.0,0.0,0.0,251.0,1007.0
646,0.0,0.0,0.0,251.0,1007.0
647,0.0,0.0,0.0,251.0,1007.0
648,0.0,0.0,0.0,251.0,1007.0
649,0.0,0.0,0.0,251.0,1007.0
650,0.0,0.0,0.0,251.0,1007.0
651,0.0,0.0,0.0,251.0,1007.0
652,0.0,0.0,0.0,251.0,1007.0
653,0.0,0.0,0.0,251.0,1007.0
654,0.0,0.0,0.0,251.0,1007.0
655,0.0,0.0,0.0,251.0,1007.0
656,0.0,0.0,0.0,251.0,1007.0
657,0.0,0.0,0.0,251.0,1007.0
658,0.0,0.0,0.0,251.0,1007.0
659,0.0,0.0,0.0,251.0,1007.0
660,0.0,0.0,0.0,251.0,1007.0
661,0.0,0.0,0.0,251.0,1007.0
662,0.0,0.0,0.0,251.0,1007.0
663,0.0,0.0,0.0,251.0,1007.0
664,0.0,0.0,0.0,251.0,1007.0
665,0.0,0.0,0.0,251.0,1007.0
666,0.0,0.0,0.0,251.0,1007.0
667,0.0,0.0,0.0,251.0,1007.0
668,0.0,0.0,0.0,251.0,1007.0
669,0.0,0.0,0.0,251.0,1007.0
670,0.0,0.0,0.0,251.0,1007.0
671,0.0,0.0,0.0,251.0,1007.0
672,0.0,0.0,0.0,251.0,1007.0
673,0.0,0.0,0.0,251.0,1007.0
674,0.0,0.0,0.0,251.0,1007.0
675,0.0,0.0,0.0,251.0,1007.0
676,0.0,0.0,0.0,251.0,1007.0
677,0.0,0.0,0.0,251.0,1007.0
678,0.0,0.0,0.0,251.0,1007.0
679,0.0,0.0,0.0,251.0,1007.0
680,0.0,0.0,0.0,251.0,1007.0
681,0.0,0.0,0.0,251.0,1007.0
682,0.0,0.0,0.0,251.0,1007.0
683,0.0,0.0,0.0,251.0,1007.0
684,0.0,0.0,0.0,251.0,1007.0
685,0.0,0.0,0.0,251.0,1007.0
686,0.0,0.0,0.0,251.0,1007.0
687,0.0,0.0,0.0,251.0,1007.0
688,0.0,0.0,0.0,251.0,1007.0
689,0.0,0.0,0.0,251.0,1007.0
690,0.0,0.0,0.0,251.0,1007.0
691,0.0,0.0,0.0,251.0,1007.0
692,0.0,0.0,0.0,251.0,1007.0
693,0.0,0.0,0.0,251.0,1007.0
694,0.0,0.0,0.0,251.0,1007.0
695,0.0,0.0,0.0,251.0,1007.0
696,0.0,0.0,0.0,251.0,1007.0
697,0.0,0.0,0.0,251.0,1007.0
698,0.0,0.0,0.0,251.0,1007.0
699,0.0,0.0,0.0,251.0,1007.0
700,0.0,0.0,0.0,251.0,1007.0
701,0.0,0.0,0.0,251.0,1007.0
702,0.0,0.0,0.0,251.0,1007.0
703,0.0,0.0,0.0,251.0,1007.0
704,0.0,0.0,0.0,251.0,1007.0
705,0.0,0.0,0.0,251.0,1007.0
706,0.0,0.0,0.0,251.0,1007.0
707,0.0,0.0,0.0,251.0,1007.0
708,0.0,0.0,0.0,251.0,1007.0
709,0.0,0.0,0.0,251.0,1007.0
710,0.0,0.0,0.0,251.0,1007.0
711,0.0,0.0,0.0,251.0,1007.0
712,0.0,0.0,0.0,251.0,1007.0
713,0.0,0.0,0.0,251.0,1007.0
714,0.0,0.0,0.0,251.0,1007.0
715,0.0,0.0,0.0,251.0,1007.0
716,0.0,0.0,0.0,251.0,1007.0
717,0.0,0.0,0.0,251.0,1007.0
718,0.0,0.0,0.0,251.0,1007.0
719,0.0,0.0,0.0,251.0,1007.0
720,0.0,0.0,0.0,251.0,1007.0
721,0.0,0.0,0.0,251.0,1007.0
722,0.0,0.0,0.0,251.0,1007.0
723,0.0,0.0,0.0,251.0,1007.0
724,0.0,0.0,0.0,251.0,1007.0
725,0.0,0.0,0.0,251.0,1007.0
726,0.0,0.0,0.0,251.0,1007.0
727,0.0,0.0,0.0,251.0,1007.0
728,0.0,0.0,0.0,251.0,1007.0
729,0.0,0.0,0.0,251.0,1007.0
730,0.0,0.0,0.0,251.0,1007.0
731,0.0,0.0,0.0,251.0,1007.0
732,0.0,0.0,0.0,251.0,1007.0
733,0.0,0.0,0.0,251.0,1007.0
734,0.0,0.0,0.0,251.0,1007.0
735,0.0,0.0,0.0,251.0,1007.0
736,0.0,0.0,0.0,251.0,1007.0
737,0.0,0.0,0.0,251.0,1007.0
738,0.0,0.0,0.0,251.0,1007.0
739,0.0,0.0,0.0,251.0,1007.0
740,0.0,0.0,0.0,251.0,1007.0
741,0.0,0.0,0.0,251.0,1007.0
742,0.0,0.0,0.0,251.0,1007.0
743,0.0,0.0,0.0,251.0,1007.0
744,0.0,0.0,0.0,251.0,1007.0
745,0.0,0.0,0.0,251.0,1007.0
746,0.0,0.0,0.0,251.0,1007.0
747,0.0,0.0,0.0,251.0,1007.0
748,0.0,0.0,0.0,251.0,1007.0
749,0.0,0.0,0.0,251.0,1007.0
750,0.0,0.0,0.0,251.0,1007.0
751,0.0,0.0,0.0,251.0,1007.0
752,0.0,0.0,0.0,251.0,1007.0
753,0.0,0.0,0.0,251.0,1007.0
754,0.0,0.0,0.0,251.0,1007.0
755,0.0,0.0,0.0,251.0,1007.0
756,0.0,0.0,0.0,251.0,1007.0
757,0.0,0.0,0.0,251.0,1007.0
758,0.0,0.0,0.0,251.0,1007.0
759,0.0,0.0,0.0,251.0,1007.0
760,0.0,0.0,0.0,251.0,1007.0
761,0.0,0.0,0.0,251.0,1007.0
762,0.0,0.0,0.0,251.0,1007.0
763,0.0,0.0,0.0,251.0,1007.0
764,0.0,0.0,0.0,251.0,1007.0
765,0.0,0.0,0.0,251.0,1007.0
766,0.0,0.0,0.0,251.0,1007.0
767,0.0,0.0,0.0,251.0,1007.0
768,0.0,0.0,0.0,251.0,1007.0
769,0.0,0.0,0.0,251.0,1007.0
770,0.0,0.0,0.0,251.0,1007.0
771,0.0,0.0,0.0,251.0,1007.0
772,0.0,0.0,0.0,251.0,1007.0
773,0.0,0.0,0.0,251.0,1007.0
774,0.0,0.0,0.0,251.0,1007.0
775,0.0,0.0,0.0,251.0,1007.0
776,0.0,0.0,0.0,251.0,1007.0
777,0.0,0.0,0.0,251.0,1007.0
778,0.0,0.0,0.0,251.0,1007.0
779,0.0,0.0,0.0,251.0,1007.0
780,0.0,0.0,0.0,251.0,1007.0
781,0.0,0.0,0.0,251.0,1007.0
782,0.0,0.0,0.0,251.0,1007.0
783,0.0,0.0,0.0,251.0,1007.0
784,0.0,0.0,0.0,251.0,1007.0
785,0.0,0.0,0.0,251.0,1007.0
786,0.0,0.0,0.0,251.0,1007.0
787,0.0,0.0,0.0,251.0,1007.0
788,0.0,0.0,0.0,251.0,1007.0
789,0.0,0.0,0.0,251.0,1007.0
790,0.0,0.0,0.0,251.0,1007.0
791,0.0,0.0,0.0,251.0,1007.0
792,0.0,0.0,0.0,251.0,1007.0
793,0.0,0.0,0.0,251.0,1007.0
794,0.0,0.0,0.0,251.0,1007.0
795,0.0,0.0,0.0,251.0,1007.0
796,0.0,0.0,0.0,251.0,1007.0
797,0.0,0.0,0.0,251.0,1007.0
798,0.0,0.0,0.0,251.0,1007.0
799,0.0,0.0,0.0,251.0,1007.0
800,0.0,0.0,0.0,251.0,1007.0
801,0.0,0.0,0.0,251.0,1007.0
802,0.0,0.0,0.0,251.0,1007.0
803,0.0,0.0,0.0,251.0,1007.0
804,0.0,0.0,0.0,251.0,1007.0
805,0.0,0.0,0.0,251.0,1007.0
806,0.0,0.0,0.0,251.0,1007.0
807,0.0,0.0,0.0,251.0,1007.0
808,0.0,0.0,0.0,251.0,1007.0
809,0.0,0.0,0.0,251.0,1007.0
810,0.0,0.0,0.0,251.0,1007.0
811,0.0,0.0,0.0,251.0,1007.0
812,0.0,0.0,0.0,251.0,1007.0
813,0.0,0.0,0.0,251.0,1007.0
814,0.0,0.0,0.0,251.0,1007.0
815,0.0,0.0,0.0,251.0,1007.0
816,0.0,0.0,0.0,251.0,1007.0
817,0.0,0.0,0.0,251.0,1007.0
818,0.0,0.0,0.0,251.0,1007.0
819,0.0,0.0,0.0,251.0,1007.0
820,0.0,0.0,0.0,251.0,1007.0
821,0.0,0.0,0.0,251.0,1007.0
822,0.0,0.0,0.0,251.0,1007.0
823,0.0,0.0,0.0,251.0,1007.0
824,0.0,0.0,0.0,251.0,1007.0
825,0.0,0.0,0.0,251.0,1007.0
826,0.0,0.0,0.0,251.0,1007.0
827,0.0,0.0,0.0,251.0,1007.0
828,0.0,0.0,0.0,251.0,1007.0
829,0.0,0.0,0.0,251.0,1007.0
830,0.0,0.0,0.0,251.0,1007.0
831,0.0,0.0,0.0,251.0,1007.0
832,0.0,0.0,0.0,251.0,1007.0
833,0.0,0.0,0.0,251.0,1007.0
834,0.0,0.0,0.0,251.0,1007.0
835,0.0,0.0,0.0,251.0,1007.0
836,0.0,0.0,0.0,251.0,1007.0
837,0.0,0.0,0.0,251.0,1007.0
838,0.0,0.0,0.0,251.0,1007.0
839,0.0,0.0,0.0,251.0,1007.0
840,0.0,0.0,0.0,251.0,1007.0
841,0.0,0.0,0.0,251.0,1007.0
842,0.0,0.0,0.0,251.0,1007.0
843,0.0,0.0,0.0,251.0,1007.0
844,0.0,0.0,0.0,251.0,1007.0
845,0.0,0.0,0.0,251.0,1007.0
846,0.0,0.0,0.0,251.0,1007.0
847,0.0,0.0,0.0,251.0,1007.0
848,0.0,0.0,0.0,251.0,1007.0
849,0.0,0.0,0.0,251.0,1007.0
850,0.0,0.0,0.0,251.0,1007.0
851,0.0,0.0,0.0,251.0,1007.0
852,0.0,0.0,0.0,251.0,1007.0
853,0.0,0.0,0.0,251.0,1007.0
854,0.0,0.0,0.0,251.0,1007.0
855,0.0,0.0,0.0,251.0,1007.0
856,0.0,0.0,0.0,251.0,1007.0
857,0.0,0.0,0.0,251.0,1007.0
858,0.0,0.0,0.0,251.0,1007.0
859,0.0,0.0,0.0,251.0,1007.0
860,0.0,0.0,0.0,251.0,1007.0
861,0.0,0.0,0.0,251.0,1007.0
862,0.0,0.0,0.0,251.0,1007.0
863,0.0,0.0,0.0,251.0,1007.0
864,0.0,0.0,0.0,251.0,1007.0
865,0.0,0.0,0.0,251.0,1007.0
866,0.0,0.0,0.0,251.0,1007.0
867,0.0,0.0,0.0,251.0,1007.0
868,0.0,0.0,0.0,251.0,1007.0
869,0.0,0.0,0.0,251.0,1007.0
870,0.0,0.0,0.0,251.0,1007.0
871,0.0,0.0,0.0,251.0,1007.0
872,0.0,0.0,0.0,251.0,1007.0
873,0.0,0.0,0.0,251.0,1007.0
874,0.0,0.0,0.0,251.0,1007.0
875,0.0,0.0,0.0,251.0,1007.0
876,0.0,0.0,0.0,251.0,1007.0
877,0.0,0.0,0.0,251.0,1007.0
878,0.0,0.0,0.0,251.0,1007.0
879,0.0,0.0,0.0,251.0,1007.0
880,0.0,0.0,0.0,251.0,1007.0
881,0.0,0.0,0.0,251.0,1007.0
882,0.0,0.0,0.0,251.0,1007.0
883,0.0,0.0,0.0,251.0,1007.0
884,0.0,0.0,0.0,251.0,1007.0
885,0.0,0.0,0.0,251.0,1007.0
886,0.0,0.0,0.0,251.0,1007.0
887,0.0,0.0,0.0,251.0,1007.0
888,0.0,0.0,0.0,251.0,1007.0
889,0.0,0.0,0.0,251.0,1007.0
890,0.0,0.0,0.0,251.0,1007.0
891,0.0,0.0,0.0,251.0,1007.0
892,0.0,0.0,0.0,251.0,1007.0
893,0.0,0.0,0.0,251.0,1007.0
894,0.0,0.0,0.0,251.0,1007.0
895,0.0,0.0,0.0,251.0,1007.0
896,0.0,0.0,0.0,251.0,1007.0
897,0.0,0.0,0.0,251.0,1007.0
898,0.0,0.0,0.0,251.0,1007.0
899,0.0,0.0,0.0,251.0,1007.0
900,0.0,0.0,0.0,251.0,1007.0
901,0.0,0.0,0.0,251.0,1007.0
902,0.0,0.0,0.0,251.0,1007.0
903,0.0,0.0,0.0,251.0,1007.0
904,0.0,0.0,0.0,251.0,1007.0
905,0.0,0.0,0.0,251.0,1007.0
906,0.0,0.0,0.0,251.0,1007.0
907,0.0,0.0,0.0,251.0,1007.0
908,0.0,0.0,0.0,251.0,1007.0
909,0.0,0.0,0.0,251.0,1007.0
910,0.0,0.0,0.0,251.0,1007.0
911,0.0,0.0,0.0,251.0,1007.0
912,0.0,0.0,0.0,251.0,1007.0
913,0.0,0.0,0.0,251.0,1007.0
914,0.0,0.0,0.0,251.0,1007.0
915,0.0,0.0,0.0,251.0,1007.0
916,0.0,0.0,0.0,251.0,1007.0
917,0.0,0.0,0.0,251.0,1007.0
918,0.0,0.0,0.0,251.0,1007.0
919,0.0,0.0,0.0,251.0,1007.0
920,0.0,0.0,0.0,251.0,1007.0
921,0.0,0.0,0.0,251.0,1007.0
922,0.0,0.0,0.0,251.0,1007.0
923,0.0,0.0,0.0,251.0,1007.0
924,0.0,0.0,0.0,251.0,1007.0
925,0.0,0.0,0.0,251.0,1007.0
926,0.0,0.0,0.0,251.0,1007.0
927,0.0,0.0,0.0,251.0,1007.0
928,0.0,0.0,0.0,251.0,1007.0
929,0.0,0.0,0.0,251.0,1007.0
930,0.0,0.0,0.0,251.0,1007.0
931,0.0,0.0,0.0,251.0,1007.0
932,0.0,0.0,0.0,251.0,1007.0
933,0.0,0.0,0.0,251.0,1007.0
934,0.0,0.0,0.0,251.0,1007.0
935,0.0,0.0,0.0,251.0,1007.0
936,0.0,0.0,0.0,251.0,1007.0
937,0.0,0.0,0.0,251.0,1007.0
938,0.0,0.0,0.0,251.0,1007.0
939,0.0,0.0,0.0,251.0,1007.0
940,0.0,0.0,0.0,251.0,1007.0
941,0.0,0.0,0.0,251.0,1007.0
942,0.0,0.0,0.0,251.0,1007.0
943,0.0,0.0,0.0,251.0,1007.0
944,0.0,0.0,0.0,251.0,1007.0
945,0.0,0.0,0.0,251.0,1007.0
946,0.0,0.0,0.0,251.0,1007.0
947,0.0,0.0,0.0,251.0,1007.0
948,0.0,0.0,0.0,251.0,1007.0
949,0.0,0.0,0.0,251.0,1007.0
950,0.0,0.0,0.0,251.0,1007.0
951,0.0,0.0,0.0,251.0,1007.0
952,0.0,0.0,0.0,251.0,1007.0
953,0.0,0.0,0.0,251.0,1007.0
954,0.0,0.0,0.0,251.0,1007.0
955,0.0,0.0,0.0,251.0,1007.0
956,0.0,0.0,0.0,251.0,1007.0
957,0.0,0.0,0.0,251.0,1007.0
958,0.0,0.0,0.0,251.0,1007.0
959,0.0,0.0,0.0,251.0,1007.0
960,0.0,0.0,0.0,251.0,1007.0
961,0.0,0.0,0.0,251.0,1007.0
962,0.0,0.0,0.0,251.0,1007.0
963,0.0,0.0,0.0,251.0,1007.0
964,0.0,0.0,0.0,251.0,1007.0
965,0.0,0.0,0.0,251.0,1007.0
966,0.0,0.0,0.0,251.0,1007.0
967,0.0,0.0,0.0,251.0,1007.0
968,0.0,0.0,0.0,251.0,1007.0
969,0.0,0.0,0.0,251.0,1007.0
970,0.0,0.0,0.0,251.0,1007.0
971,0.0,0.0,0.0,251.0,1007.0
972,0.0,0.0,0.0,251.0,1007.0
973,0.0,0.0,0.0,251.0,1007.0
974,0.0,0.0,0.0,251.0,1007.0
975,0.0,0.0,0.0,251.0,1007.0
976,0.0,0.0,0.0,251.0,1007.0
977,0.0,0.0,0.0,251.0,1007.0
978,0.0,0.0,0.0,251.0,1007.0
979,0.0,0.0,0.0,251.0,1007.0
980,0.0,0.0,0.0,251.0,1007.0
981,0.0,0.0,0.0,251.0,1007.0
982,0.0,0.0,0.0,251.0,1007.0
983,0.0,0.0,0.0,251.0,1007.0
984,0.0,0.0,0.0,251.0,1007.0
985,0.0,0.0,0.0,251.0,1007.0
986,0.0,0.0,0.0,251.0,1007.0
987,0.0,0.0,0.0,251.0,1007.0
988,0.0,0.0,0.0,251.0,1007.0
989,0.0,0.0,0.0,251.0,1007.0
990,0.0,0.0,0.0,251.0,1007.0
991,0.0,0.0,0.0,251.0,1007.0
992,0.0,0.0,0.0,251.0,1007.0
993,0.0,0.0,0.0,251.0,1007.0
994,0.0,0.0,0.0,251.0,1007.0
995,0.0,0.0,0.0,251.0,1007.0
996,0.0,0.0,0.0,251.0,1007.0
997,0.0,0.0,0.0,251.0,1007.0
998,0.0,0.0,0.0,251.0,1007.0
999,0.0,0.0,0.0,251.0,1007.0
1000,0.0,0.0,0.0,251.0,1007.0
1001,0.0,0.0,0.0,251.0,1007.0
1002,0.0,0.0,0.0,251.0,1007.0
1003,0.0,0.0,0.0,251.0,1007.0
1004,0.0,0.0,0.0,251.0,1007.0
1005,0.0,0.0,0.0,251.0,1007.0
1006,0.0,0.0,0.0,251.0,1007.0
1007,0.0,0.0,0.0,251.0,1007.0
1008,0.0,0.0,0.0,251.0,1007.0
1009,0.0,0.0,0.0,251.0,1007.0
1010,0.0,0.0,0.0,251.0,1007.0
1011,0.0,0.0,0.0,251.0,1007.0
1012,0.0,0.0,0.0,251.0,1007.0
1013,0.0,0.0,0.0,251.0,1007.0
1014,0.0,0.0,0.0,251.0,1007.0
1015,0.0,0.0,0.0,251.0,1007.0
1016,0.0,0.0,0.0,251.0,1007.0
1017,0.0,0.0,0.0,251.0,1007.0
1018,0.0,0.0,0.0,251.0,1007.0
1019,0.0,0.0,0.0,251.0,1007.0
1020,0.0,0.0,0.0,251.0,1007.0
1021,0.0,0.0,0.0,251.0,1007.0
1022,0.0,0.0,0.0,251.0,1007.0
1023,0.0,0.0,0.0,251.0,1007.0
1024,0.0,0.0,0.0,251.0,1007.0
1025,0.0,0.0,0.0,251.0,1007.0
1026,0.0,0.0,0.0,251.0,1007.0
1027,0.0,0.0,0.0,251.0,1007.0
1028,0.0,0.0,0.0,251.0,1007.0
1029,0.0,0.0,0.0,251.0,1007.0
1030,0.0,0.0,0.0,251.0,1007.0
1031,0.0,0.0,0.0,251.0,1007.0
1032,0.0,0.0,0.0,251.0,1007.0
1033,0.0,0.0,0.0,251.0,1007.0
1034,0.0,0.0,0.0,251.0,1007.0
1035,0.0,0.0,0.0,251.0,1007.0
1036,0.0,0.0,0.0,251.0,1007.0
1037,0.0,0.0,0.0,251.0,1007.0
1038,0.0,0.0,0.0,251.0,1007.0
1039,0.0,0.0,0.0,251.0,1007.0
1040,0.0,0.0,0.0,251.0,1007.0
1041,0.0,0.0,0.0,251.0,1007.0
1042,0.0,0.0,0.0,251.0,1007.0
1043,0.0,0.0,0.0,251.0,1007.0
1044,0.0,0.0,0.0,251.0,1007.0
1045,0.0,0.0,0.0,251.0,1007.0
1046,0.0,0.0,0.0,251.0,1007.0
1047,0.0,0.0,0.0,251.0,1007.0
1048,0.0,0.0,0.0,251.0,1007.0
1049,0.0,0.0,0.0,251.0,1007.0
1050,0.0,0.0,0.0,251.0,1007.0
1051,0.0,0.0,0.0,251.0,1007.0
1052,0.0,0.0,0.0,251.0,1007.0
1053,0.0,0.0,0.0,251.0,1007.0
1054,0.0,0.0,0.0,251.0,1007.0
1055,0.0,0.0,0.0,251.0,1007.0
1056,0.0,0.0,0.0,251.0,1007.0
1057,0.0,0.0,0.0,251.0,1007.0
1058,0.0,0.0,0.0,251.0,1007.0
1059,0.0,0.0,0.0,251.0,1007.0
1060,0.0,0.0,0.0,251.0,1007.0
1061,0.0,0.0,0.0,251.0,1007.0
1062,0.0,0.0,0.0,251.0,1007.0
1063,0.0,0.0,0.0,251.0,1007.0
1064,0.0,0.0,0.0,251.0,1007.0
1065,0.0,0.0,0.0,251.0,1007.0
1066,0.0,0.0,0.0,251.0,1007.0
1067,0.0,0.0,0.0,251.0,1007.0
1068,0.0,0.0,0.0,251.0,1007.0
1069,0.0,0.0,0.0,251.0,1007.0
1070,0.0,0.0,0.0,251.0,1007.0
1071,0.0,0.0,0.0,251.0,1007.0
1072,0.0,0.0,0.0,251.0,1007.0
1073,0.0,0.0,0.0,251.0,1007.0
1074,0.0,0.0,0.0,251.0,1007.0
1075,0.0,0.0,0.0,251.0,1007.0
1076,0.0,0.0,0.0,251.0,1007.0
1077,0.0,0.0,0.0,251.0,1007.0
1078,0.0,0.0,0.0,251.0,1007.0
1079,0.0,0.0,0.0,251.0,1007.0
1080,0.0,0.0,0.0,251.0,1007.0
1081,0.0,0.0,0.0,251.0,1007.0
1082,0.0,0.0,0.0,251.0,1007.0
1083,0.0,0.0,0.0,251.0,1007.0
1084,0.0,0.0,0.0,251.0,1007.0
1085,0.0,0.0,0.0,251.0,1007.0
1086,0.0,0.0,0.0,251.0,1007.0
1087,0.0,0.0,0.0,251.0,1007.0
1088,0.0,0.0,0.0,251.0,1007.0
1089,0.0,0.0,0.0,251.0,1007.0
1090,0.0,0.0,0.0,251.0,1007.0
1091,0.0,0.0,0.0,251.0,1007.0
1092,0.0,0.0,0.0,251.0,1007.0
1093,0.0,0.0,0.0,251.0,1007.0
1094,0.0,0.0,0.0,251.0,1007.0
1095,0.0,0.0,0.0,251.0,1007.0
1096,0.0,0.0,0.0,251.0,1007.0
1097,0.0,0.0,0.0,251.0,1007.0
1098,0.0,0.0,0.0,251.0,1007.0
1099,0.0,0.0,0.0,251.0,1007.0
1100,0.0,0.0,0.0,251.0,1007.0
1101,0.0,0.0,0.0,251.0,1007.0
1102,0.0,0.0,0.0,251.0,1007.0
1103,0.0,0.0,0.0,251.0,1007.0
1104,0.0,0.0,0.0,251.0,1007.0
1105,0.0,0.0,0.0,251.0,1007.0
1106,0.0,0.0,0.0,251.0,1007.0
1107,0.0,0.0,0.0,251.0,1007.0
1108,0.0,0.0,0.0,251.0,1007.0
1109,0.0,0.0,0.0,251.0,1007.0
1110,0.0,0.0,0.0,251.0,1007.0
1111,0.0,0.0,0.0,251.0,1007.0
1112,0.0,0.0,0.0,251.0,1007.0
1113,0.0,0.0,0.0,251.0,1007.0
1114,0.0,0.0,0.0,251.0,1007.0
1115,0.0,0.0,0.0,251.0,1007.0
1116,0.0,0.0,0.0,251.0,1007.0
1117,0.0,0.0,0.0,251.0,1007.0
1118,0.0,0.0,0.0,251.0,1007.0
1119,0.0,0.0,0.0,251.0,1007.0
1120,0.0,0.0,0.0,251.0,1007.0
1121,0.0,0.0,0.0,251.0,1007.0
1122,0.0,0.0,0.0,251.0,1007.0
1123,0.0,0.0,0.0,251.0,1007.0
1124,0.0,0.0,0.0,251.0,1007.0
1125,0.0,0.0,0.0,251.0,1007.0
1126,0.0,0.0,0.0,251.0,1007.0
1127,0.0,0.0,0.0,251.0,1007.0
1128,0.0,0.0,0.0,251.0,1007.0
1129,0.0,0.0,0.0,251.0,1007.0
1130,0.0,0.0,0.0,251.0,1007.0
1131,0.0,0.0,0.0,251.0,1007.0
1132,0.0,0.0,0.0,251.0,1007.0
1133,0.0,0.0,0.0,251.0,1007.0
1134,0.0,0.0,0.0,251.0,1007.0
1135,0.0,0.0,0.0,251.0,1007.0
1136,0.0,0.0,0.0,251.0,1007.0
1137,0.0,0.0,0.0,251.0,1007.0
1138,0.0,0.0,0.0,251.0,1007.0
1139,0.0,0.0,0.0,251.0,1007.0
1140,0.0,0.0,0.0,251.0,1007.0
1141,0.0,0.0,0.0,251.0,1007.0
1142,0.0,0.0,0.0,251.0,1007.0
1143,0.0,0.0,0.0,251.0,1007.0
1144,0.0,0.0,0.0,251.0,1007.0
1145,0.0,0.0,0.0,251.0,1007.0
1146,0.0,0.0,0.0,251.0,1007.0
1147,0.0,0.0,0.0,251.0,1007.0
1148,0.0,0.0,0.0,251.0,1007.0
1149,0.0,0.0,0.0,251.0,1007.0
1150,0.0,0.0,0.0,251.0,1007.0
1151,0.0,0.0,0.0,251.0,1007.0
1152,0.0,0.0,0.0,251.0,1007.0
1153,0.0,0.0,0.0,251.0,1007.0
1154,0.0,0.0,0.0,251.0,1007.0
1155,0.0,0.0,0.0,251.0,1007.0
1156,0.0,0.0,0.0,251.0,1007.0
1157,0.0,0.0,0.0,251.0,1007.0
1158,0.0,0.0,0.0,251.0,1007.0
1159,0.0,0.0,0.0,251.0,1007.0
1160,0.0,0.0,0.0,251.0,1007.0
1161,7743.23734578046,27875.654444809654,17321.123278025818,377.0,1035.5
1162,0.0,0.0,0.0,377.0,1035.5
1163,0.0,0.0,0.0,377.0,1035.5
1164,0.0,0.0,0.0,377.0,1035.5
1165,0.0,0.0,0.0,377.0,1035.5
1166,0.0,0.0,0.0,377.0,1035.5
1167,0.0,0.0,0.0,377.0,1035.5
1168,0.0,0.0,0.0,377.0,1035.5
1169,0.0,0.0,0.0,377.0,1035.5
1170,0.0,0.0,0.0,377.0,1035.5
1171,0.0,0.0,0.0,377.0,1035.5
1172,0.0,0.0,0.0,377.0,1035.5
1173,0.0,0.0,0.0,377.0,1035.5
1174,0.0,0.0,0.0,377.0,1035.5
1175,0.0,0.0,0.0,377.0,1035.5
1176,0.0,0.0,0.0,377.0,1035.5
1177,0.0,0.0,0.0,377.0,1035.5
1178,0.0,0.0,0.0,377.0,1035.5
1179,0.0,0.0,0.0,377.0,1035.5
1180,0.0,0.0,0.0,377.0,1035.5
1181,0.0,0.0,0.0,377.0,1035.5
1182,0.0,0.0,0.0,377.0,1035.5
1183,0.0,0.0,0.0,377.0,1035.5
1184,0.0,0.0,0.0,377.0,1035.5
1185,0.0,0.0,0.0,377.0,1035.5
1186,0.0,0.0,0.0,377.0,1035.5
1187,0.0,0.0,0.0,377.0,1035.5
1188,0.0,0.0,0.0,377.0,1035.5
1189,0.0,0.0,0.0,377.0,1035.5
1190,0.0,0.0,0.0,377.0,1035.5
1191,0.0,0.0,0.0,377.0,1035.5
1192,0.0,0.0,0.0,377.0,1035.5
1193,0.0,0.0,0.0,377.0,1035.5
1194,0.0,0.0,0.0,377.0,1035.5
1195,0.0,0.0,0.0,377.0,1035.5
1196,0.0,0.0,0.0,377.0,1035.5
1197,0.0,0.0,0.0,377.0,1035.5
1198,0.0,0.0,0.0,377.0,1035.5
1199,0.0,0.0,0.0,377.0,1035.5
1200,0.0,0.0,0.0,377.0,1035.5
1201,0.0,0.0,0.0,377.0,1035.5
1202,0.0,0.0,0.0,377.0,1035.5
1203,0.0,0.0,0.0,377.0,1035.5
1204,0.0,0.0,0.0,377.0,1035.5
1205,0.0,0.0,0.0,377.0,1035.5
1206,0.0,0.0,0.0,377.0,1035.5
1207,0.0,0.0,0.0,377.0,1035.5
1208,0.0,0.0,0.0,377.0,1035.5
1209,0.0,0.0,0.0,377.0,1035.5
1210,0.0,0.0,0.0,377.0,1035.5
1211,0.0,0.0,0.0,377.0,1035.5
1212,0.0,0.0,0.0,377.0,1035.5
1213,0.0,0.0,0.0,377.0,1035.5
1214,0.0,0.0,0.0,377.0,1035.5
1215,0.0,0.0,0.0,377.0,1035.5
1216,0.0,0.0,0.0,377.0,1035.5
1217,0.0,0.0,0.0,377.0,1035.5
1218,0.0,0.0,0.0,377.0,1035.5
1219,0.0,0.0,0.0,377.0,1035.5
1220,0.0,0.0,0.0,377.0,1035.5
1221,0.0,0.0,0.0,377.0,1035.5
1222,0.0,0.0,0.0,377.0,1035.5
1223,0.0,0.0,0.0,377.0,1035.5
1224,0.0,0.0,0.0,377.0,1035.5
1225,0.0,0.0,0.0,377.0,1035.5
1226,0.0,0.0,0.0,377.0,1035.5
1227,0.0,0.0,0.0,377.0,1035.5
1228,0.0,0.0,0.0,377.0,1035.5
1229,0.0,0.0,0.0,377.0,1035.5
1230,0.0,0.0,0.0,377.0,1035.5
1231,0.0,0.0,0.0,377.0,1035.5
1232,0.0,0.0,0.0,377.0,1035.5
1233,0.0,0.0,0.0,377.0,1035.5
1234,0.0,0.0,0.0,377.0,1035.5
1235,0.0,0.0,0.0,377.0,1035.5
1236,0.0,0.0,0.0,377.0,1035.5
1237,0.0,0.0,0.0,377.0,1035.5
1238,0.0,0.0,0.0,377.0,1035.5
1239,0.0,0.0,0.0,377.0,1035.5
1240,0.0,0.0,0.0,377.0,1035.5
1241,0.0,0.0,0.0,377.0,1035.5
1242,0.0,0.0,0.0,377.0,1035.5
1243,0.0,0.0,0.0,377.0,1035.5
1244,0.0,0.0,0.0,377.0,1035.5
1245,0.0,0.0,0.0,377.0,1035.5
1246,0.0,0.0,0.0,377.0,1035.5
1247,0.0,0.0,0.0,377.0,1035.5
1248,0.0,0.0,0.0,377.0,1035.5
1249,0.0,0.0,0.0,377.0,1035.5
1250,0.0,0.0,0.0,377.0,1035.5
1251,0.0,0.0,0.0,377.0,1035.5
1252,0.0,0.0,0.0,377.0,1035.5
1253,0.0,0.0,0.0,377.0,1035.5
1254,0.0,0.0,0.0,377.0,1035.5
1255,0.0,0.0,0.0,377.0,1035.5
1256,0.0,0.0,0.0,377.0,1035.5
1257,0.0,0.0,0.0,377.0,1035.5
1258,0.0,0.0,0.0,377.0,1035.5
1259,0.0,0.0,0.0,377.0,1035.5
1260,0.0,0.0,0.0,377.0,1035.5
1261,0.0,0.0,0.0,377.0,1035.5
1262,0.0,0.0,0.0,377.0,1035.5
1263,0.0,0.0,0.0,377.0,1035.5
1264,0.0,0.0,0.0,377.0,1035.5
1265,0.0,0.0,0.0,377.0,1035.5
1266,0.0,0.0,0.0,377.0,1035.5
1267,0.0,0.0,0.0,377.0,1035.5
1268,0.0,0.0,0.0,377.0,1035.5
1269,0.0,0.0,0.0,377.0,1035.5
1270,0.0,0.0,0.0,377.0,1035.5
1271,0.0,0.0,0.0,377.0,1035.5
1272,0.0,0.0,0.0,377.0,1035.5
1273,0.0,0.0,0.0,377.0,1035.5
1274,0.0,0.0,0.0,377.0,1035.5
1275,0.0,0.0,0.0,377.0,1035.5
1276,0.0,0.0,0.0,377.0,1035.5
1277,0.0,0.0,0.0,377.0,1035.5
1278,0.0,0.0,0.0,377.0,1035.5
1279,0.0,0.0,0.0,377.0,1035.5
1280,0.0,0.0,0.0,377.0,1035.5
1281,0.0,0.0,0.0,377.0,1035.5
1282,0.0,0.0,0.0,377.0,1035.5
1283,0.0,0.0,0.0,377.0,1035.5
1284,0.0,0.0,0.0,377.0,1035.5
1285,0.0,0.0,0.0,377.0,1035.5
1286,0.0,0.0,0.0,377.0,1035.5
1287,0.0,0.0,0.0,377.0,1035.5
1288,0.0,0.0,0.0,377.0,1035.5
1289,0.0,0.0,0.0,377.0,1035.5
1290,0.0,0.0,0.0,377.0,1035.5
1291,0.0,0.0,0.0,377.0,1035.5
1292,0.0,0.0,0.0,377.0,1035.5
1293,0.0,0.0,0.0,377.0,1035.5
1294,0.0,0.0,0.0,377.0,1035.5
1295,0.0,0.0,0.0,377.0,1035.5
1296,0.0,0.0,0.0,377.0,1035.5
1297,0.0,0.0,0.0,377.0,1035.5
1298,0.0,0.0,0.0,377.0,1035.5
1299,0.0,0.0,0.0,377.0,1035.5
1300,0.0,0.0,0.0,377.0,1035.5
1301,0.0,0.0,0.0,377.0,1035.5
1302,0.0,0.0,0.0,377.0,1035.5
1303,0.0,0.0,0.0,377.0,1035.5
1304,0.0,0.0,0.0,377.0,1035.5
1305,0.0,0.0,0.0,377.0,1035.5
1306,0.0,0.0,0.0,377.0,1035.5
1307,0.0,0.0,0.0,377.0,1035.5
1308,0.0,0.0,0.0,377.0,1035.5
1309,0.0,0.0,0.0,377.0,1035.5
1310,0.0,0.0,0.0,377.0,1035.5
1311,0.0,0.0,0.0,377.0,1035.5
1312,0.0,0.0,0.0,377.0,1035.5
1313,0.0,0.0,0.0,377.0,1035.5
1314,0.0,0.0,0.0,377.0,1035.5
1315,0.0,0.0,0.0,377.0,1035.5
1316,0.0,0.0,0.0,377.0,1035.5
1317,0.0,0.0,0.0,377.0,1035.5
1318,0.0,0.0,0.0,377.0,1035.5
1319,0.0,0.0,0.0,377.0,1035.5
1320,0.0,0.0,0.0,377.0,1035.5
1321,0.0,0.0,0.0,377.0,1035.5
1322,0.0,0.0,0.0,377.0,1035.5
1323,0.0,0.0,0.0,377.0,1035.5
1324,0.0,0.0,0.0,377.0,1035.5
1325,0.0,0.0,0.0,377.0,1035.5
1326,0.0,0.0,0.0,377.0,1035.5
1327,0.0,0.0,0.0,377.0,1035.5
1328,0.0,0.0,0.0,377.0,1035.5
1329,0.0,0.0,0.0,377.0,1035.5
1330,0.0,0.0,0.0,377.0,1035.5
1331,0.0,0.0,0.0,377.0,1035.5
1332,0.0,0.0,0.0,377.0,1035.5
1333,0.0,0.0,0.0,377.0,1035.5
1334,0.0,0.0,0.0,377.0,1035.5
1335,0.0,0.0,0.0,377.0,1035.5
1336,0.0,0.0,0.0,377.0,1035.5
1337,0.0,0.0,0.0,377.0,1035.5
1338,0.0,0.0,0.0,377.0,1035.5
1339,0.0,0.0,0.0,377.0,1035.5
1340,0.0,0.0,0.0,377.0,1035.5
1341,0.0,0.0,0.0,377.0,1035.5
1342,0.0,0.0,0.0,377.0,1035.5
1343,0.0,0.0,0.0,377.0,1035.5
1344,0.0,0.0,0.0,377.0,1035.5
1345,0.0,0.0,0.0,377.0,1035.5
1346,0.0,0.0,0.0,377.0,1035.5
1347,0.0,0.0,0.0,377.0,1035.5
1348,0.0,0.0,0.0,377.0,1035.5
1349,0.0,0.0,0.0,377.0,1035.5
1350,0.0,0.0,0.0,377.0,1035.5
1351,0.0,0.0,0.0,377.0,1035.5
1352,0.0,0.0,0.0,377.0,1035.5
1353,0.0,0.0,0.0,377.0,1035.5
1354,0.0,0.0,0.0,377.0,1035.5
1355,0.0,0.0,0.0,377.0,1035.5
1356,0.0,0.0,0.0,377.0,1035.5
1357,0.0,0.0,0.0,377.0,1035.5
1358,0.0,0.0,0.0,377.0,1035.5
1359,0.0,0.0,0.0,377.0,1035.5
1360,0.0,0.0,0.0,377.0,1035.5
1361,0.0,0.0,0.0,377.0,1035.5
1362,0.0,0.0,0.0,377.0,1035.5
1363,0.0,0.0,0.0,377.0,1035.5
1364,0.0,0.0,0.0,377.0,1035.5
1365,0.0,0.0,0.0,377.0,1035.5
1366,0.0,0.0,0.0,377.0,1035.5
1367,0.0,0.0,0.0,377.0,1035.5
1368,0.0,0.0,0.0,377.0,1035.5
1369,0.0,0.0,0.0,377.0,1035.5
1370,0.0,0.0,0.0,377.0,1035.5
1371,0.0,0.0,0.0,377.0,1035.5
1372,0.0,0.0,0.0,377.0,1035.5
1373,0.0,0.0,0.0,377.0,1035.5
1374,0.0,0.0,0.0,377.0,1035.5
1375,0.0,0.0,0.0,377.0,1035.5
1376,0.0,0.0,0.0,377.0,1035.5
1377,0.0,0.0,0.0,377.0,1035.5
1378,0.0,0.0,0.0,377.0,1035.5
1379,0.0,0.0,0.0,377.0,1035.5
1380,0.0,0.0,0.0,377.0,1035.5
1381,0.0,0.0,0.0,377.0,1035.5
1382,0.0,0.0,0.0,377.0,1035.5
1383,0.0,0.0,0.0,377.0,1035.5
1384,0.0,0.0,0.0,377.0,1035.5
1385,0.0,0.0,0.0,377.0,1035.5
1386,0.0,0.0,0.0,377.0,1035.5
1387,0.0,0.0,0.0,377.0,1035.5
1388,0.0,0.0,0.0,377.0,1035.5
1389,0.0,0.0,0.0,377.0,1035.5
1390,0.0,0.0,0.0,377.0,1035.5
1391,0.0,0.0,0.0,377.0,1035.5
1392,0.0,0.0,0.0,377.0,1035.5
1393,0.0,0.0,0.0,377.0,1035.5
1394,0.0,0.0,0.0,377.0,1035.5
1395,0.0,0.0,0.0,377.0,1035.5
1396,0.0,0.0,0.0,377.0,1035.5
1397,0.0,0.0,0.0,377.0,1035.5
1398,0.0,0.0,0.0,377.0,1035.5
1399,0.0,0.0,0.0,377.0,1035.5
1400,0.0,0.0,0.0,377.0,1035.5
1401,0.0,0.0,0.0,377.0,1035.5
1402,0.0,0.0,0.0,377.0,1035.5
1403,0.0,0.0,0.0,377.0,1035.5
1404,0.0,0.0,0.0,377.0,1035.5
1405,0.0,0.0,0.0,377.0,1035.5
1406,0.0,0.0,0.0,377.0,1035.5
1407,0.0,0.0,0.0,377.0,1035.5
1408,0.0,0.0,0.0,377.0,1035.5
1409,0.0,0.0,0.0,377.0,1035.5
1410,0.0,0.0,0.0,377.0,1035.5
1411,0.0,0.0,0.0,377.0,1035.5
1412,0.0,0.0,0.0,377.0,1035.5
1413,0.0,0.0,0.0,377.0,1035.5
1414,0.0,0.0,0.0,377.0,1035.5
1415,0.0,0.0,0.0,377.0,1035.5
1416,0.0,0.0,0.0,377.0,1035.5
1417,0.0,0.0,0.0,377.0,1035.5
1418,0.0,0.0,0.0,377.0,1035.5
1419,0.0,0.0,0.0,377.0,1035.5
1420,0.0,0.0,0.0,377.0,1035.5
1421,0.0,0.0,0.0,377.0,1035.5
1422,0.0,0.0,0.0,377.0,1035.5
1423,0.0,0.0,0.0,377.0,1035.5
1424,0.0,0.0,0.0,377.0,1035.5
1425,0.0,0.0,0.0,377.0,1035.5
1426,0.0,0.0,0.0,377.0,1035.5
1427,0.0,0.0,0.0,377.0,1035.5
1428,0.0,0.0,0.0,377.0,1035.5
1429,0.0,0.0,0.0,377.0,1035.5
1430,0.0,0.0,0.0,377.0,1035.5
1431,0.0,0.0,0.0,377.0,1035.5
1432,0.0,0.0,0.0,377.0,1035.5
1433,0.0,0.0,0.0,377.0,1035.5
1434,0.0,0.0,0.0,377.0,1035.5
1435,0.0,0.0,0.0,377.0,1035.5
1436,0.0,0.0,0.0,377.0,1035.5
1437,0.0,0.0,0.0,377.0,1035.5
1438,0.0,0.0,0.0,377.0,1035.5
1439,0.0,0.0,0.0,377.0,1035.5
1440,0.0,0.0,0.0,377.0,1035.5
1441,0.0,0.0,0.0,377.0,1035.5
1442,0.0,0.0,0.0,377.0,1035.5
1443,0.0,0.0,0.0,377.0,1035.5
1444,0.0,0.0,0.0,377.0,1035.5
1445,0.0,0.0,0.0,377.0,1035.5
1446,0.0,0.0,0.0,377.0,1035.5
1447,0.0,0.0,0.0,377.0,1035.5
1448,0.0,0.0,0.0,377.0,1035.5
1449,0.0,0.0,0.0,377.0,1035.5
1450,0.0,0.0,0.0,377.0,1035.5
1451,0.0,0.0,0.0,377.0,1035.5
1452,0.0,0.0,0.0,377.0,1035.5
1453,0.0,0.0,0.0,377.0,1035.5
1454,0.0,0.0,0.0,377.0,1035.5
1455,0.0,0.0,0.0,377.0,1035.5
1456,0.0,0.0,0.0,377.0,1035.5
1457,0.0,0.0,0.0,377.0,1035.5
1458,0.0,0.0,0.0,377.0,1035.5
1459,0.0,0.0,0.0,377.0,1035.5
1460,0.0,0.0,0.0,377.0,1035.5
1461,0.0,0.0,0.0,377.0,1035.5
1462,0.0,0.0,0.0,377.0,1035.5
1463,0.0,0.0,0.0,377.0,1035.5
1464,0.0,0.0,0.0,377.0,1035.5
1465,0.0,0.0,0.0,377.0,1035.5
1466,0.0,0.0,0.0,377.0,1035.5
1467,0.0,0.0,0.0,377.0,1035.5
1468,0.0,0.0,0.0,377.0,1035.5
1469,0.0,0.0,0.0,377.0,1035.5
1470,0.0,0.0,0.0,377.0,1035.5
1471,0.0,0.0,0.0,377.0,1035.5
1472,0.0,0.0,0.0,377.0,1035.5
1473,0.0,0.0,0.0,377.0,1035.5
1474,0.0,0.0,0.0,377.0,1035.5
1475,0.0,0.0,0.0,377.0,1035.5
1476,0.0,0.0,0.0,377.0,1035.5
1477,0.0,0.0,0.0,377.0,1035.5
1478,0.0,0.0,0.0,377.0,1035.5
1479,0.0,0.0,0.0,377.0,1035.5
1480,0.0,0.0,0.0,377.0,1035.5
1481,0.0,0.0,0.0,377.0,1035.5
1482,0.0,0.0,0.0,377.0,1035.5
1483,0.0,0.0,0.0,377.0,1035.5
1484,0.0,0.0,0.0,377.0,1035.5
1485,0.0,0.0,0.0,377.0,1035.5
1486,0.0,0.0,0.0,377.0,1035.5
1487,0.0,0.0,0.0,377.0,1035.5
1488,0.0,0.0,0.0,377.0,1035.5
1489,0.0,0.0,0.0,377.0,1035.5
1490,0.0,0.0,0.0,377.0,1035.5
1491,19343.210856208396,69635.55908235023,43269.51698255904,440.0,719.0
1492,0.0,0.0,0.0,440.0,719.0
1493,0.0,0.0,0.0,440.0,719.0
1494,0.0,0.0,0.0,440.0,719.0
1495,0.0,0.0,0.0,440.0,719.0
1496,0.0,0.0,0.0,440.0,719.0
1497,0.0,0.0,0.0,440.0,719.0
1498,0.0,0.0,0.0,440.0,719.0
1499,0.0,0.0,0.0,440.0,719.0
1500,0.0,0.0,0.0,440.0,719.0
1501,0.0,0.0,0.0,440.0,719.0
1502,0.0,0.0,0.0,440.0,719.0
1503,0.0,0.0,0.0,440.0,719.0
1504,0.0,0.0,0.0,440.0,719.0
1505,0.0,0.0,0.0,440.0,719.0
1506,0.0,0.0,0.0,440.0,719.0
1507,0.0,0.0,0.0,440.0,719.0
1508,0.0,0.0,0.0,440.0,719.0
1509,0.0,0.0,0.0,440.0,719.0
1510,0.0,0.0,0.0,440.0,719.0
1511,0.0,0.0,0.0,440.0,719.0
1512,0.0,0.0,0.0,440.0,719.0
1513,0.0,0.0,0.0,440.0,719.0
1514,0.0,0.0,0.0,440.0,719.0
1515,0.0,0.0,0.0,440.0,719.0
1516,0.0,0.0,0.0,440.0,719.0
1517,0.0,0.0,0.0,440.0,719.0
1518,0.0,0.0,0.0,440.0,719.0
1519,0.0,0.0,0.0,440.0,719.0
1520,0.0,0.0,0.0,440.0,719.0
1521,0.0,0.0,0.0,440.0,719.0
1522,0.0,0.0,0.0,440.0,719.0
1523,0.0,0.0,0.0,440.0,719.0
1524,0.0,0.0,0.0,440.0,719.0
1525,0.0,0.0,0.0,440.0,719.0
1526,0.0,0.0,0.0,440.0,719.0
1527,0.0,0.0,0.0,440.0,719.0
1528,0.0,0.0,0.0,440.0,719.0
1529,0.0,0.0,0.0,440.0,719.0
1530,0.0,0.0,0.0,440.0,719.0
1531,0.0,0.0,0.0,440.0,719.0
1532,0.0,0.0,0.0,440.0,719.0
1533,0.0,0.0,0.0,440.0,719.0
1534,0.0,0.0,0.0,440.0,719.0
1535,0.0,0.0,0.0,440.0,719.0
1536,0.0,0.0,0.0,440.0,719.0
1537,0.0,0.0,0.0,440.0,719.0
1538,0.0,0.0,0.0,440.0,719.0
1539,0.0,0.0,0.0,440.0,719.0
1540,0.0,0.0,0.0,440.0,719.0
1541,0.0,0.0,0.0,440.0,719.0
1542,0.0,0.0,0.0,440.0,719.0
1543,0.0,0.0,0.0,440.0,719.0
1544,0.0,0.0,0.0,440.0,719.0
1545,0.0,0.0,0.0,440.0,719.0
1546,0.0,0.0,0.0,440.0,719.0
1547,0.0,0.0,0.0,440.0,719.0
1548,0.0,0.0,0.0,440.0,719.0
1549,0.0,0.0,0.0,440.0,719.0
1550,0.0,0.0,0.0,440.0,719.0
1551,0.0,0.0,0.0,440.0,719.0
1552,0.0,0.0,0.0,440.0,719.0
1553,0.0,0.0,0.0,440.0,719.0
1554,0.0,0.0,0.0,440.0,719.0
1555,0.0,0.0,0.0,440.0,719.0
1556,0.0,0.0,0.0,440.0,719.0
1557,0.0,0.0,0.0,440.0,719.0
1558,0.0,0.0,0.0,440.0,719.0
1559,0.0,0.0,0.0,440.0,719.0
1560,0.0,0.0,0.0,440.0,719.0
1561,0.0,0.0,0.0,440.0,719.0
1562,0.0,0.0,0.0,440.0,719.0
1563,0.0,0.0,0.0,440.0,719.0
1564,0.0,0.0,0.0,440.0,719.0
1565,0.0,0.0,0.0,440.0,719.0
1566,0.0,0.0,0.0,440.0,719.0
1567,0.0,0.0,0.0,440.0,719.0
1568,0.0,0.0,0.0,440.0,719.0
1569,0.0,0.0,0.0,440.0,719.0
1570,0.0,0.0,0.0,440.0,719.0
1571,0.0,0.0,0.0,440.0,719.0
1572,0.0,0.0,0.0,440.0,719.0
1573,0.0,0.0,0.0,440.0,719.0
1574,0.0,0.0,0.0,440.0,719.0
1575,0.0,0.0,0.0,440.0,719.0
1576,0.0,0.0,0.0,440.0,719.0
1577,0.0,0.0,0.0,440.0,719.0
1578,0.0,0.0,0.0,440.0,719.0
1579,0.0,0.0,0.0,440.0,719.0
1580,0.0,0.0,0.0,440.0,719.0
1581,0.0,0.0,0.0,440.0,719.0
1582,0.0,0.0,0.0,440.0,719.0
1583,0.0,0.0,0.0,440.0,719.0
1584,0.0,0.0,0.0,440.0,719.0
1585,0.0,0.0,0.0,440.0,719.0
1586,0.0,0.0,0.0,440.0,719.0
1587,0.0,0.0,0.0,440.0,719.0
1588,0.0,0.0,0.0,440.0,719.0
1589,0.0,0.0,0.0,440.0,719.0
1590,0.0,0.0,0.0,440.0,719.0
1591,0.0,0.0,0.0,440.0,719.0
1592,0.0,0.0,0.0,440.0,719.0
1593,0.0,0.0,0.0,440.0,719.0
1594,0.0,0.0,0.0,440.0,719.0
1595,0.0,0.0,0.0,440.0,719.0
1596,0.0,0.0,0.0,440.0,719.0
1597,0.0,0.0,0.0,440.0,719.0
1598,0.0,0.0,0.0,440.0,719.0
1599,0.0,0.0,0.0,440.0,719.0
1600,0.0,0.0,0.0,440.0,719.0
1601,0.0,0.0,0.0,440.0,719.0
1602,0.0,0.0,0.0,440.0,719.0
1603,0.0,0.0,0.0,440.0,719.0
1604,0.0,0.0,0.0,440.0,719.0
1605,0.0,0.0,0.0,440.0,719.0
1606,0.0,0.0,0.0,440.0,719.0
1607,0.0,0.0,0.0,440.0,719.0
1608,0.0,0.0,0.0,440.0,719.0
1609,0.0,0.0,0.0,440.0,719.0
1610,0.0,0.0,0.0,440.0,719.0
1611,0.0,0.0,0.0,440.0,719.0
1612,0.0,0.0,0.0,440.0,719.0
1613,0.0,0.0,0.0,440.0,719.0
1614,0.0,0.0,0.0,440.0,719.0
1615,0.0,0.0,0.0,440.0,719.0
1616,0.0,0.0,0.0,440.0,719.0
1617,0.0,0.0,0.0,440.0,719.0
1618,0.0,0.0,0.0,440.0,719.0
1619,0.0,0.0,0.0,440.0,719.0
1620,0.0,0.0,0.0,440.0,719.0
1621,0.0,0.0,0.0,440.0,719.0
1622,0.0,0.0,0.0,440.0,719.0
1623,0.0,0.0,0.0,440.0,719.0
1624,0.0,0.0,0.0,440.0,719.0
1625,0.0,0.0,0.0,440.0,719.0
1626,0.0,0.0,0.0,440.0,719.0
1627,0.0,0.0,0.0,440.0,719.0
1628,0.0,0.0,0.0,440.0,719.0
1629,0.0,0.0,0.0,440.0,719.0
1630,0.0,0.0,0.0,440.0,719.0
1631,0.0,0.0,0.0,440.0,719.0
1632,0.0,0.0,0.0,440.0,719.0
1633,0.0,0.0,0.0,440.0,719.0
1634,0.0,0.0,0.0,440.0,719.0
1635,0.0,0.0,0.0,440.0,719.0
1636,0.0,0.0,0.0,440.0,719.0
1637,0.0,0.0,0.0,440.0,719.0
1638,0.0,0.0,0.0,440.0,719.0
1639,0.0,0.0,0.0,440.0,719.0
1640,0.0,0.0,0.0,440.0,719.0
1641,0.0,0.0,0.0,440.0,719.0
1642,0.0,0.0,0.0,440.0,719.0
1643,0.0,0.0,0.0,440.0,719.0
1644,0.0,0.0,0.0,440.0,719.0
1645,0.0,0.0,0.0,440.0,719.0
1646,0.0,0.0,0.0,440.0,719.0
1647,0.0,0.0,0.0,440.0,719.0
1648,0.0,0.0,0.0,440.0,719.0
1649,0.0,0.0,0.0,440.0,719.0
1650,0.0,0.0,0.0,440.0,719.0
1651,0.0,0.0,0.0,440.0,719.0
1652,0.0,0.0,0.0,440.0,719.0
1653,0.0,0.0,0.0,440.0,719.0
1654,0.0,0.0,0.0,440.0,719.0
1655,0.0,0.0,0.0,440.0,719.0
1656,0.0,0.0,0.0,440.0,719.0
1657,0.0,0.0,0.0,440.0,719.0
1658,0.0,0.0,0.0,440.0,719.0
1659,0.0,0.0,0.0,440.0,719.0
1660,0.0,0.0,0.0,440.0,719.0
1661,0.0,0.0,0.0,440.0,719.0
1662,0.0,0.0,0.0,440.0,719.0
1663,0.0,0.0,0.0,440.0,719.0
1664,0.0,0.0,0.0,440.0,719.0
1665,0.0,0.0,0.0,440.0,719.0
1666,0.0,0.0,0.0,440.0,719.0
1667,0.0,0.0,0.0,440.0,719.0
1668,0.0,0.0,0.0,440.0,719.0
1669,0.0,0.0,0.0,440.0,719.0
1670,0.0,0.0,0.0,440.0,719.0
1671,0.0,0.0,0.0,440.0,719.0
1672,0.0,0.0,0.0,440.0,719.0
1673,0.0,0.0,0.0,440.0,719.0
1674,0.0,0.0,0.0,440.0,719.0
1675,0.0,0.0,0.0,440.0,719.0
1676,0.0,0.0,0.0,440.0,719.0
1677,0.0,0.0,0.0,440.0,719.0
1678,0.0,0.0,0.0,440.0,719.0
1679,0.0,0.0,0.0,440.0,719.0
1680,0.0,0.0,0.0,440.0,719.0
1681,0.0,0.0,0.0,440.0,719.0
1682,0.0,0.0,0.0,440.0,719.0
1683,0.0,0.0,0.0,440.0,719.0
1684,0.0,0.0,0.0,440.0,719.0
1685,0.0,0.0,0.0,440.0,719.0
1686,0.0,0.0,0.0,440.0,719.0
1687,0.0,0.0,0.0,440.0,719.0
1688,0.0,0.0,0.0,440.0,719.0
1689,0.0,0.0,0.0,440.0,719.0
1690,0.0,0.0,0.0,440.0,719.0
1691,0.0,0.0,0.0,440.0,719.0
1692,0.0,0.0,0.0,440.0,719.0
1693,0.0,0.0,0.0,440.0,719.0
1694,0.0,0.0,0.0,440.0,719.0
1695,0.0,0.0,0.0,440.0,719.0
1696,0.0,0.0,0.0,440.0,719.0
1697,0.0,0.0,0.0,440.0,719.0
1698,0.0,0.0,0.0,440.0,719.0
1699,0.0,0.0,0.0,440.0,719.0
1700,0.0,0.0,0.0,440.0,719.0
1701,0.0,0.0,0.0,440.0,719.0
1702,0.0,0.0,0.0,440.0,719.0
1703,0.0,0.0,0.0,440.0,719.0
1704,0.0,0.0,0.0,440.0,719.0
1705,0.0,0.0,0.0,440.0,719.0
1706,0.0,0.0,0.0,440.0,719.0
1707,0.0,0.0,0.0,440.0,719.0
1708,0.0,0.0,0.0,440.0,719.0
1709,0.0,0.0,0.0,440.0,719.0
1710,0.0,0.0,0.0,440.0,719.0
1711,0.0,0.0,0.0,440.0,719.0
1712,0.0,0.0,0.0,440.0,719.0
1713,0.0,0.0,0.0,440.0,719.0
1714,0.0,0.0,0.0,440.0,719.0
1715,0.0,0.0,0.0,440.0,719.0
1716,0.0,0.0,0.0,440.0,719.0
1717,0.0,0.0,0.0,440.0,719.0
1718,0.0,0.0,0.0,440.0,719.0
1719,0.0,0.0,0.0,440.0,719.0
1720,0.0,0.0,0.0,440.0,719.0
1721,0.0,0.0,0.0,440.0,719.0
1722,0.0,0.0,0.0,440.0,719.0
1723,0.0,0.0,0.0,440.0,719.0
1724,0.0,0.0,0.0,440.0,719.0
1725,0.0,0.0,0.0,440.0,719.0
1726,0.0,0.0,0.0,440.0,719.0
1727,0.0,0.0,0.0,440.0,719.0
1728,0.0,0.0,0.0,440.0,719.0
1729,0.0,0.0,0.0,440.0,719.0
1730,0.0,0.0,0.0,440.0,719.0
1731,0.0,0.0,0.0,440.0,719.0
1732,0.0,0.0,0.0,440.0,719.0
1733,0.0,0.0,0.0,440.0,719.0
1734,0.0,0.0,0.0,440.0,719.0
1735,0.0,0.0,0.0,440.0,719.0
1736,0.0,0.0,0.0,440.0,719.0
1737,0.0,0.0,0.0,440.0,719.0
1738,0.0,0.0,0.0,440.0,719.0
1739,0.0,0.0,0.0,440.0,719.0
1740,0.0,0.0,0.0,440.0,719.0
1741,0.0,0.0,0.0,440.0,719.0
1742,0.0,0.0,0.0,440.0,719.0
1743,0.0,0.0,0.0,440.0,719.0
1744,0.0,0.0,0.0,440.0,719.0
1745,0.0,0.0,0.0,440.0,719.0
1746,0.0,0.0,0.0,440.0,719.0
1747,0.0,0.0,0.0,440.0,719.0
1748,0.0,0.0,0.0,440.0,719.0
1749,0.0,0.0,0.0,440.0,719.0
1750,0.0,0.0,0.0,440.0,719.0
1751,0.0,0.0,0.0,440.0,719.0
1752,0.0,0.0,0.0,440.0,719.0
1753,0.0,0.0,0.0,440.0,719.0
1754,0.0,0.0,0.0,440.0,719.0
1755,0.0,0.0,0.0,440.0,719.0
1756,0.0,0.0,0.0,440.0,719.0
1757,0.0,0.0,0.0,440.0,719.0
1758,0.0,0.0,0.0,440.0,719.0
1759,0.0,0.0,0.0,440.0,719.0
1760,0.0,0.0,0.0,440.0,719.0
1761,0.0,0.0,0.0,440.0,719.0
1762,0.0,0.0,0.0,440.0,719.0
1763,0.0,0.0,0.0,440.0,719.0
1764,0.0,0.0,0.0,440.0,719.0
1765,0.0,0.0,0.0,440.0,719.0
1766,0.0,0.0,0.0,440.0,719.0
1767,0.0,0.0,0.0,440.0,719.0
1768,0.0,0.0,0.0,440.0,719.0
